A,$x_0$,w
0.2223802437101993,39958.63896605325,0.0780468070537011
0.2129459959805895,39955.97576715853,0.0752028100347491
1.4750856118397422,39869.8366938762,0.0776731892581177
1.339069255597305,39869.59789288223,0.0781606482803232
0.0363878921755355,39859.00402962381,0.0724153630481226
0.0390362126045406,39849.71150210192,0.0551886602855479
0.0645165490098963,39840.98376567077,0.0696335246594384
0.233623502348712,39772.90278422189,0.0775481275223582
0.0298068273796552,39770.01337485412,0.0554168334887432
0.4748823642355494,39768.85147803796,0.0763723488548927
0.2326362617527237,39766.89977826907,0.0758810067131811
0.032147196436315,39749.97695212994,0.0610868639537852
0.0600643726678831,39638.5953372957,0.0715494889604675
0.1238548862364519,39633.56320622702,0.0723017674364469
0.0615294322712785,39633.06604850135,0.0729265414099082
0.0316159868182204,39619.357728365496,0.0635820874924574
0.0345126187435012,39560.76207743051,0.0681625022761576
0.031326114801053,39291.80644606416,0.072903137339435
0.0411720671604216,39288.25787898513,0.0773221959167837
0.3276093094384774,39039.997519167184,0.0734748078423205
0.0407077187747937,38913.76389898973,0.0535718051413594
0.044427987594359,38901.95998165583,0.0685645866569307
0.2627119060949392,38884.46237986689,0.0803124477051842
1.9609147969245209,38876.52923622445,0.0777083258221415
0.564783601506575,38866.45291043432,0.0790618272608378
0.3028246225289945,38857.32280999656,0.0757887322158925
0.1281064827263054,38855.99314174993,0.0725273917859713
0.1235448733974911,38843.904527800856,0.0863632001513996
0.1168380357248059,38842.27237059966,0.0670469664225312
0.0492217754464774,38838.28016139947,0.0759935224531798
0.0830126641220061,38827.03081143644,0.0757410526454254
0.0472451792466732,38821.07010669526,0.0768620295569907
0.1004538907608885,38815.955857861474,0.0714377059406475
0.0486856056463931,38811.79076552175,0.0885192213785528
0.0260210591354146,38810.655648691645,0.1251883280034386
0.4847137464579404,38786.95821772511,0.0778099004747755
1.0852981942141755,38780.64802517773,0.0782451984935366
0.5343305908573988,38774.70745545548,0.0767632228972836
0.0855138148126742,38765.75576326104,0.0803152210149641
0.1108897660522152,38740.193921966944,0.0699989504925986
0.3497103202442143,38727.92761660553,0.0768785106199178
0.5901732566817436,38721.38757235568,0.077855529527737
0.0543400411896341,38716.93761527311,0.0696569943093773
0.2516943547109425,38715.67333024964,0.0737319588730808
0.0489439939800728,38710.75990526241,0.0652419145818066
0.0383739128018798,38699.91327353648,0.0756959343045505
0.2354226684964797,38628.5733193105,0.0758253363709335
0.4619855326989114,38624.09182875844,0.0783824609780827
0.2334580849185581,38622.70672240441,0.0767725696781497
0.030888542247527,38549.594858117925,0.0700673785771272
0.0405715427153203,38235.88073662816,0.0726593452149692
0.0443921993048149,38069.86223030249,0.063067601486484
0.0464038275079982,38066.810221685,0.0638728736116501
0.0498853152225541,38063.45694883272,0.0626277434073902
0.0420924852103975,38061.64715680239,0.0588690995584958
0.0483304620486231,38059.76089763575,0.0698872206617299
0.0441009948795824,38048.90813305455,0.0763992551039305
0.0507157189071857,38014.15792009484,0.058649103853949
0.0449553301657281,37989.653192006685,0.082660383040016
0.7025342067206201,37988.23619889392,0.0770670154973454
0.3640933254314598,37987.929682025446,0.0695711530869144
1.1850602183899874,37985.71366871176,0.076887823334361
0.5905147561187644,37985.406554192086,0.0731664528450457
0.0549546717064284,37984.53103236375,0.0912229379516856
1.5556778235048674,37982.99474396134,0.0749237409512679
0.5979931745984783,37982.6662872475,0.0641880997132004
0.0731750401225065,37981.70324854168,0.0638348069840124
0.0494222660376212,37978.72978814062,0.0695719352628566
0.8020368057048579,37977.54208324736,0.0772818460627105
2.0705727016585027,37976.97603156597,0.0767235915156553
1.0187713779528675,37976.67116716498,0.0715369697885113
0.0542957187924982,37975.59120996826,0.0700690078301142
0.9285390977707876,37974.64139632173,0.078864792990699
1.9646499864411984,37973.67532161881,0.0843461022535434
1.0538202492326634,37973.37701548416,0.0746146733018318
0.0654672116620815,37972.26666299768,0.0733592934375349
0.9020804947410732,37971.55038981135,0.0793402034871317
2.244916403838541,37970.18415383612,0.0769912215591234
1.084992652027602,37969.879432588605,0.0715897201163758
0.0612033726612652,37968.80553430003,0.0803532944156258
1.025532787865509,37968.26709110581,0.0795424932921325
2.096127987042065,37966.50062041816,0.0778405504567624
1.0686914803441674,37966.196878961855,0.0719627019334681
0.0774201751636548,37965.17586810369,0.0746223469439543
1.060586353873439,37964.78017243336,0.0774270294743935
2.131530270079368,37962.62222919687,0.0769598618865758
1.0963019776352672,37962.31739400557,0.0715752095941007
0.0749578155647447,37961.38542402672,0.047066299328778
1.053844430761078,37961.11118995764,0.0768357761812419
1.8635322962816645,37958.54887071612,0.0783328891144771
0.9371420543349814,37958.24669363648,0.07219939776878
0.9714822809629604,37957.248619035774,0.0820911953704523
2.05405905942368,37954.28294357826,0.077044185698433
1.0086348528771656,37953.97824409278,0.0708243554628487
0.9572197999699652,37953.18283978626,0.0769890615725441
1.8059079551729085,37949.81884153079,0.0868637478138104
0.9355717992324528,37949.52459562422,0.0770679916789821
1.049472628934971,37948.93794180159,0.0789651306908533
1.756258346162721,37945.17042628077,0.078932248034891
0.8889816550638655,37944.875848876814,0.0768013395031312
0.9891999027456304,37944.49587642671,0.0789019460998233
1.7117614860141366,37935.28515466656,0.0782191847277299
1.250062008592956,37935.01617685971,0.0871186212716021
1.5399025215874138,37930.04457414026,0.0839526510745948
0.6414831173093833,37929.78379611737,0.1072686856235738
0.0528062148135455,37919.73990846845,0.0536985554182914
0.6460806918647416,37919.39932122872,0.0815155162736004
1.3117731029966722,37919.02140217166,0.0799017540756165
0.6867766578048162,37918.729562713845,0.0797081691088843
0.0775392772484208,37917.56379911045,0.0776785405645099
0.121593522474835,37916.585562851054,0.0755822930423615
0.1564789345946513,37915.54419699938,0.0770599297193814
0.0530182697116858,37914.90497139951,0.0772389453793535
0.1818990645451756,37914.41700986917,0.0809817869288768
0.6323310222418345,37913.80376441849,0.0801139230197508
1.3695219580232605,37913.21400691309,0.080954300743692
0.5883229346069638,37912.92476889486,0.0787815784585676
0.0658753116195397,37912.68202458998,0.0416487928015325
0.2465143836763019,37911.9487139451,0.07495747231126
0.1939201668829731,37910.58146921726,0.0668298423189442
0.0518022763805076,37910.36027632787,0.0407857037707933
0.264789560403351,37909.16855230615,0.0752176504242325
0.0750914411004568,37908.539991010286,0.1264567426383861
0.6270122536022555,37908.01748097459,0.0804362535201721
0.2463277708036189,37907.67163668783,0.0789867750422712
1.133881326069862,37907.21343805764,0.0794880573968169
0.5500420597205999,37906.93399175751,0.0958387944917079
0.2127361207418389,37906.06982191933,0.0719765603064445
0.2550572737865735,37904.43157755055,0.0788992799391822
0.1077135127672276,37903.67293282486,0.072545550424705
0.04471483167778,37902.93111970875,0.0542627342181386
0.2277983861880444,37902.70509097971,0.0771726248283169
0.0495972947443291,37902.379755645255,0.0758108942824279
0.5268452353117359,37902.03515065414,0.079604338875643
0.0653726148763684,37899.45052622338,0.1499991035157304
0.2179295339704935,37899.014313706815,0.0718967608987317
0.1269429261359787,37898.24514356618,0.0801753057159235
0.184547892241448,37897.051092886526,0.0742728704667292
0.0478407921844958,37896.34396308688,0.0581981160925428
0.5071202354976849,37895.87800271597,0.081864148813448
0.1261892998303518,37895.2941150231,0.0593961362705959
0.1901564194779571,37895.00984927232,0.0748820253233899
0.9504330715737058,37894.63133880133,0.0791899664444008
0.4345905045622922,37894.35727223047,0.0894370029567491
0.1143218657354268,37893.44347939404,0.077161752227178
0.1823859631064318,37892.88945447966,0.1095581943857244
0.1736728610127627,37892.43435431417,0.0686760099410849
0.2235381505407082,37892.06812921297,0.0901678909282643
0.1981981847439645,37891.36367636772,0.0688758528914512
0.3310156077439884,37891.05186443673,0.0813286744866003
0.1800750529966488,37890.70195209917,0.084216837195887
0.2088272301499638,37890.22062532509,0.06436351993204
0.4145660095630547,37889.984194313394,0.0748637161382652
0.4218175383536509,37889.5172871802,0.0826796956071967
0.1433519570681707,37889.02444314981,0.0962923923506475
0.3760283413778781,37888.831458700646,0.0772276300282745
0.1010870104118709,37885.49880460024,0.0787214089265549
0.3822816284128587,37882.96114086188,0.0820222698310293
0.0703643147683307,37882.323937550005,0.0596478531365422
0.4842933298751735,37882.03454423214,0.0679372941091585
0.271732732119185,37881.78095575306,0.0651054185515142
0.0615465555515662,37881.52518703177,0.0456977370656099
0.6851088425570445,37881.27923418558,0.0834173632543351
0.283782828676052,37880.99892759243,0.0713085284337293
0.4836756342295858,37880.43851808047,0.081543722774817
0.2032299612929947,37880.11697315755,0.0844949851711431
0.4345159269254391,37877.04907330981,0.078538070060162
0.2082660556758043,37876.56532923452,0.0792694426890082
0.3354898780621949,37876.22157032281,0.0802593235921554
0.1052921469842106,37875.8647928092,0.08820763715085
0.3924863511527077,37875.24470210661,0.0765454314072814
0.209913900814521,37874.672543303255,0.0815303748769082
0.7056365507008207,37874.33137575764,0.084406249881331
0.2648160639013354,37874.05594709202,0.0834989903405707
0.3612285383652923,37871.415271585145,0.0818013984691107
0.1571236863826792,37870.67727493111,0.0758881798731239
0.1751356097200131,37870.28630383109,0.0696598694461325
0.2559674994732284,37869.409238394604,0.0682856070173555
0.1912948643642723,37869.24007960166,0.0572623168106
0.1677873558736411,37868.58989519114,0.0819767422577098
0.0740567097517932,37867.39676678256,0.1210540029365394
0.432547223679882,37867.15388064728,0.0633538680022427
0.2417088728432554,37866.903862373656,0.0756379856804368
0.1385322654039277,37866.38498268641,0.0745054419776552
0.1026553581320779,37866.089476616944,0.0663127537822948
0.0514972179651367,37865.81612246825,0.0567695889409965
0.3145335062604961,37865.09803476967,0.0785716786511463
0.0694185035141447,37864.38217405545,0.0698426896412391
0.1318045933695406,37864.12516933763,0.06789496581514
0.2787349382269077,37862.84228779919,0.0822785703151983
0.2503663728954817,37862.16155287312,0.0777200016887703
0.1101828868155387,37861.762286790254,0.094647200679945
0.1136843490641879,37861.302052715495,0.0772986200029586
0.2767101300725795,37860.51196506828,0.0818104540244862
0.431315710636092,37859.84527510292,0.0761888820806225
0.1827202152429174,37859.57763875763,0.0532811321761555
0.1373679089721335,37859.44007839284,0.086345818109129
0.255320630792768,37858.11315869287,0.0822851980595058
0.1067416503417638,37857.22119017079,0.0733440146620749
0.0926669209099673,37856.88268935763,0.0617302317581847
0.0524024158973239,37856.633830277904,0.0499959148117861
0.2111329434877517,37855.628907620245,0.0724264869325913
0.1867472071663301,37854.84573230767,0.0868973962398623
0.0978041003723021,37854.33019602799,0.0828936677039984
0.2154322526390841,37853.05936027107,0.0843032078371548
0.0905868513648847,37852.57421860872,0.0608859060499424
0.3960068193540279,37852.31281156581,0.0748016378963017
0.2137396591243391,37852.03647343678,0.0691925223944092
0.0654400647444717,37851.72938142226,0.0792251745077726
0.1856629631714045,37850.414060738745,0.0911423069041755
0.0773771166520532,37848.94826940029,0.0623346624740036
0.137878347931682,37847.70513823822,0.0836514323111479
0.1756382932359208,37847.335014746575,0.0744282432465396
0.0734712037421115,37846.16864677497,0.0751252742815056
0.1379795770900141,37844.92205580362,0.0685780903171564
0.3203429605191752,37844.5846903847,0.0743169856399368
0.1463171450908643,37844.33260905786,0.1107548038835007
0.0764682647919386,37843.26796874423,0.0680233619972639
0.0491641176220918,37842.79572291735,0.0861531334271555
0.1322578859094138,37842.0482169223,0.0817653238307608
0.0581802919489074,37840.288131056936,0.1131848750685471
0.1559151015928199,37839.64267384469,0.0732909437942446
0.1007309656488217,37839.097336358005,0.0725377269839961
0.0600352855747807,37837.66523594095,0.1108342872469017
0.0473894732830685,37837.29913909127,0.0880475828398186
0.2948570674050988,37836.67472078067,0.0833210819586706
0.163271109723951,37836.40659478404,0.1094705596015166
0.0933317651751522,37836.08271522079,0.079798787083711
0.0680532260297745,37835.789541762686,0.057142024573375
0.0642320137448387,37832.08852398265,0.0681003790108325
0.1205668996006613,37831.7697202165,0.0673970797381964
0.0692107346434638,37830.97001882198,0.0735155647815615
0.0429428761563339,37830.67332550285,0.0642912189679035
0.0846189889848565,37829.792025915245,0.076124788837721
0.0607292451375367,37829.20308621549,0.079602363208648
0.209476807330234,37828.5655264789,0.0701676502338704
0.1151358660599438,37828.29363788296,0.0807175656818994
0.1045490561991139,37827.663035410806,0.0672874536383817
0.0473114873276291,37827.12727370007,0.1499999999967974
0.077106055055578,37826.496413614375,0.078516175751186
0.1224243733980853,37826.00313912524,0.0822964573921669
0.1025744046754739,37824.29636027876,0.0748987047114538
0.0424825473874867,37823.99090936465,0.0570409908046134
0.1257005096424084,37823.69323041564,0.0720848222426006
0.040740319514325,37823.160276334514,0.0821901553766265
0.0756824302609633,37822.482467016845,0.0748462800758757
0.0503408399459174,37822.28194057367,0.0602891121856923
0.0678591493826713,37820.62511058892,0.0639653276319252
0.2216706763278298,37820.27856661082,0.0789910504503288
0.0816791166780508,37820.02372287099,0.1344379018595
0.0556746404177476,37819.73116912706,0.0676818360587127
0.1171456030025632,37818.6166863978,0.0741324967166357
0.0429220589958115,37816.5349158164,0.0530101893728444
0.1089897400884364,37815.42992427294,0.0732425153062148
0.0727641095028481,37814.49052899345,0.0997258927265027
0.0732953206119091,37812.22198139806,0.0689064379481502
0.1934586877619598,37811.796523019926,0.0818737328524787
0.0965098670780122,37811.5222922296,0.0750805606623961
0.0429452424493804,37810.30512877564,0.0601561213351693
0.0791256687693223,37809.87449634736,0.1170628737598171
0.0476496840623277,37808.8850951889,0.0715778570838436
0.0641592573672901,37807.51093814015,0.0721843133161279
0.0954474121890326,37806.977290859526,0.0764750136753897
0.0641732197019979,37805.07429528974,0.1077744568213109
0.197264027071649,37803.13258519686,0.0781295866193738
0.1031055330075363,37802.8567123434,0.0755831390317186
0.0805609068917264,37802.46091158922,0.0717059072436251
0.062803556490869,37799.818728121536,0.0712462447249781
0.0712293376379592,37798.33638500583,0.082512278500096
0.0562625026738617,37797.13106084082,0.1499865798032951
0.20411053546889,37794.27180610503,0.0718374837592264
0.0745914921182072,37793.98255450271,0.0682578074173724
0.0492988442054658,37792.97626138102,0.0751502386469796
0.0456036815983432,37791.26755582073,0.1360362297563952
0.0977137857713389,37789.49184733164,0.0780679146818216
0.0504916109715939,37788.80908545696,0.0716191176844502
0.0473622888847889,37787.33408195059,0.0791403058460923
0.1967221831567924,37785.21839621958,0.0757700081165058
0.0924945100921208,37784.95918425111,0.0925108869002595
0.0480248061091471,37782.24752819342,0.0627887142649566
0.047187977859442,37780.51100101735,0.0485636618983632
0.073305528637805,37776.47796990265,0.0672781049770239
0.1564948751072606,37775.9749655794,0.071625571746971
0.0610338416134273,37775.70105062957,0.0516815910804354
0.0561977230624803,37772.22532442708,0.0604097387249451
0.0518753252625351,37771.290752367175,0.0529108928043124
0.1813245523116826,37766.54448695981,0.0770546917243557
0.0423626232460033,37766.28451943016,0.040011105439982
0.143227015248649,37765.1260620312,0.0815908489228955
0.0642049448059905,37761.86302980677,0.0831810052372321
0.1889409086060344,37756.933930725405,0.0881444441704719
0.0516269210589841,37756.656955547725,0.080395916201391
0.0689545927888819,37752.30102509342,0.075968559401894
0.4176365467690066,37750.53178822761,0.0761728096287012
0.133500755966477,37747.90037539965,0.0687697411279494
0.1276195928112297,37747.12871896302,0.0669361366867667
0.0625492133652245,37746.84375095972,0.0666951037178282
1.155033902922117,37744.62107667127,0.0778279373459902
0.1087660922924892,37743.3610515675,0.0770868662071002
0.098662712274888,37742.51079773896,0.0894699816231684
0.727629732059759,37738.26784511937,0.0776517069532356
0.1121155765678334,37737.12553914483,0.0653030503240258
0.0700206477636096,37736.86648125169,0.0564101531401004
0.0543838904198826,37732.55137383709,0.0621294522019075
0.0444616222866493,37727.971404148586,0.0600098787854346
0.11383619689373,37726.957152364375,0.0714831908866364
0.1025938949535482,37726.68429379282,0.0677956301056048
0.7985518181599883,37725.2886490879,0.0769011364982173
0.0520051240908379,37724.68326811951,0.0839262565991639
0.0462492946424676,37720.5730573069,0.0861293063278884
1.3255426759131523,37719.897663525975,0.079352973114623
0.5284734075403315,37713.03187199226,0.0787662838601195
0.0474475374043329,37708.9423116874,0.0910486694438556
0.0770165016498564,37704.33476149413,0.0742059033009944
0.057889618136424,37701.56269243817,0.0673373512465439
0.0481111055329302,37692.8431891974,0.0751731930888959
0.0764891166542713,37673.22133492513,0.0709245195643269
0.1991297916822892,37669.37389346321,0.0765492388755134
0.0465452750609168,37668.88928481652,0.0650063073063234
0.1280431522542677,37652.12811795792,0.0794150387305145
0.0426175745715465,37638.77028329056,0.0660983990176664
0.0526356377412587,37626.9122093471,0.0614648176589692
0.4958385412598808,37612.68599232965,0.0771805141506834
0.9856182333074688,37608.84799864768,0.0776564917049826
0.5108126888098391,37606.61928956698,0.0762684936615358
0.1082560385800961,37481.53540954732,0.0655849400467508
0.2282017630811669,37476.63902958037,0.0747524839135175
0.1027695839409102,37475.84655595965,0.0688764594337309
0.039676533357543,37120.00391820647,0.0594230819889535
0.0353838905023678,37042.14632625778,0.0592654517801473
0.0703672231339187,36593.52554209207,0.078481711825188
0.2837066688060427,36589.73394968632,0.077378664320667
0.2648767263736633,36586.84863274712,0.0738049106597648
0.0486045390242741,36568.04119047266,0.0841263966098641
0.0710560118544735,36562.6841905257,0.0828054294505465
0.038342222862736,36553.07138782418,0.0798990745665624
0.1040316946350079,36545.64886222903,0.0722755976887884
0.2335569692398901,36469.31173762123,0.0782889188683217
0.5163499308202703,36465.02682169538,0.0780325524789008
0.2632789223776984,36463.369030742026,0.0754629240212284
0.0402435432853659,36448.51812270163,0.0743123573681581
0.0346199203998259,36445.25179432312,0.0692472093593583
0.0408578963092712,36441.64925749514,0.0801577193069982
0.0409773556376113,36437.79208905604,0.0687492539944911
0.0438408099712877,36433.55497645032,0.1376283947731332
0.0270814190096681,36429.04564866454,0.1325715842832097
0.0383168673372242,36424.31205068684,0.0660079244419315
0.047298733747699,36419.08902810345,0.103408805042385
0.0334691685797948,36413.59465928549,0.1099845522995544
0.039761982489219,36407.77064600841,0.1082291799258099
0.0355313930843228,36387.62861480986,0.0656342972816023
0.7017459789628001,35839.99542495161,0.0751356598666201
0.1493841361250115,35588.471063262776,0.0764670735844982
1.0782676221247778,35574.16560485957,0.0773866373426645
1.1138072448486076,35568.07258554299,0.0772907795580522
0.0313366193055424,35565.88512760976,0.0507809562532812
0.0367105433144959,35565.63494834384,0.0675890640513665
0.1571471673531237,35561.12331503947,0.0730317552136035
0.0421763293529702,35546.141156426245,0.0591648290416431
0.0276124204738938,35538.52867147186,0.0786991831320084
0.025558595079183,35511.40908875693,0.075505872051345
0.0740463830861042,35508.91299146573,0.0700114504530051
0.0674318452042444,35498.08299452455,0.077113025633143
0.0624353321657769,35497.37065632011,0.0846424128438755
0.0770221952609429,35481.52270364489,0.0704817932598778
0.3814645360845375,35452.18755493636,0.0774269212901156
0.4092815333952324,35446.08787936675,0.0792289627251662
0.0858759850246745,35323.631624505884,0.0747290185024158
0.1794147363127158,35318.94572746827,0.0750129408767486
0.0845710849863431,35317.86070981637,0.0726311156694333
0.0311706211470638,35200.01558413615,0.0614995348012115
0.039456779635336,34762.53874339435,0.0714386560651927
0.0416445202469853,34760.05799441016,0.066553448817961
0.0550698662877794,34757.26988227207,0.0679211605431322
0.0376027761299568,34755.780244510584,0.0694034734448224
0.0471048035167257,34754.17138825739,0.0767887079552707
0.0426381896356437,34752.55143060815,0.0730195470682047
0.0447195699503168,34750.77666016051,0.065301924785985
0.0681957311131728,34748.9373343481,0.0833828695268141
0.0418820547749138,34747.02947276932,0.0801178964363082
0.0594844830251567,34745.055538820015,0.0857004682225342
0.0382946943102954,34742.99543339345,0.0722256148584362
0.0490767744084904,34740.8501865229,0.0628030165128107
0.0396060748830431,34738.63075296733,0.0605774432324771
0.0543814467105509,34728.907539284664,0.0797263668852382
0.0389372111734112,34721.79919049261,0.0770517904109219
1.06796988904214,34683.665664314394,0.0798089665682467
0.0994020755905552,34683.44480285641,0.1404703245717882
1.8330944077155704,34681.53717176477,0.0789727818256866
0.0590995074243981,34680.80632494814,0.0721142664979681
2.463829559963987,34679.233223664654,0.0786624043617384
0.34705633976445,34678.34205824243,0.0777071060608744
0.0503481723366977,34678.04649486794,0.0561283296097967
2.726395255882047,34676.75568129798,0.0793790465637267
0.6288979261063908,34676.22109453471,0.077580438758731
0.0669815009217164,34675.18533142581,0.0647170711017418
0.0669032079226428,34672.16816593301,0.0808562929016451
0.99900603580202,34671.46492971745,0.0692601347246663
3.1572924604517616,34671.25853146888,0.0773734978838681
0.0207616687435141,34670.9956944749,0.0400000000362634
1.0438971809936488,34668.812630435576,0.0803015464507007
2.966283661979325,34668.24897369404,0.0795922365523174
0.0259947533611995,34666.23096298025,0.0400000000529798
1.091573703163539,34665.98193444834,0.0761130689447351
0.0409930715486157,34665.622634501815,0.0632670456554488
3.171948985347787,34665.060821834246,0.0789246787012007
1.145560345858129,34662.9844005003,0.077389971678203
0.0498812025347268,34662.15274563931,0.094947935197939
3.206292616368376,34661.69187253197,0.0792163413583061
1.034493372301897,34659.80727368735,0.079307748318818
0.059826755563501,34658.44927129653,0.1262073642987529
2.9740333205256766,34658.15120989559,0.0807777102369884
0.4096500427599629,34657.98169860839,0.0656498280231645
1.036668344446388,34656.45760586869,0.0786571783260999
0.0823661090120096,34654.75896633759,0.0400000000002769
3.178141684434877,34654.43185609101,0.0785482202766605
1.1752064206726294,34652.92840974996,0.0780463653163049
0.0637158694533959,34650.801324671025,0.0693212588921957
3.0530611152096987,34650.53360529969,0.0789867279629488
1.1411058256055997,34649.22496795836,0.07691097536538
0.0942558071504426,34646.71466533292,0.0490511416166624
2.861962454497184,34646.4668688068,0.0792134134991624
0.9882574497090504,34645.343582763904,0.079598305031759
0.0787085895753572,34642.492304240666,0.0508631609917542
2.8371212996518334,34642.21904412186,0.0791562676409053
1.0449392167638365,34641.283247591586,0.078191086032691
0.0372231224445993,34638.0631230334,0.0873018764086046
2.404181974495586,34637.78892508259,0.0813111622197848
0.884393898879895,34637.05835197424,0.079302570831384
0.045457275918025,34633.54790579852,0.0799301272052958
2.462089356558229,34633.18822369034,0.0793524573949026
0.8470552485755636,34632.650072921126,0.0788993870764248
2.339984539023245,34628.41715647576,0.0799839983996658
0.8340079102651339,34628.07545793106,0.0916292976957309
0.0590695853385361,34621.63527008781,0.0654812419748107
0.1152853521729571,34620.815752922244,0.0753743215041082
0.1609867421123795,34619.91757313485,0.0747166708640078
0.1985605045414625,34618.95756597232,0.074289985440584
1.928076460096064,34618.331489822354,0.0832693708977238
0.1901487311669248,34617.92442798517,0.0889980247856249
0.2200091399400099,34616.82432619108,0.0762930247526538
0.2675096798651851,34615.66833056958,0.0727865507061242
0.2874334811798764,34614.43241281406,0.0806377219462291
0.0498116246078275,34613.86816586083,0.0807226305632381
0.75049549900649,34613.26016381163,0.075929664893609
1.8986660869377048,34613.02022536283,0.0756044924643181
0.2581806764218333,34611.74375338366,0.0827173740952152
0.2510115337413074,34611.72738216345,0.0708708812732305
0.0736074138194332,34611.20032660116,0.0722910912818534
0.0442831142243243,34610.88181101198,0.0781540282070656
0.2323842781310333,34610.28588249541,0.0775460776131365
0.0962894386914218,34609.202557598925,0.0755472251200132
0.291473844607763,34608.78030342444,0.0833441211778343
0.6052731447824576,34607.9760487847,0.0779538968249715
1.596702012700129,34607.54793988174,0.0803117117648187
0.2152932675594121,34607.17650407122,0.1005678319622354
0.0516182812026566,34606.75690743651,0.0628740462578991
0.2439751924025547,34605.52258639378,0.0749099380611473
0.1187886345124872,34604.80615269248,0.0730486704314668
0.0584971608197286,34604.49905483508,0.0727876314713401
0.2235697604276566,34603.7787930159,0.093177247340753
0.053427935519069,34603.125200966984,0.0695970866889194
0.5916811260483865,34602.51158307654,0.0846188043106729
0.0625935550576126,34602.16208434163,0.1499999999999999
1.344616978044228,34601.88179044065,0.0756182008670299
0.2061823104361616,34600.11860331439,0.0727136933953467
0.1400597680114772,34599.84025127515,0.0714613552223386
0.0653578109930869,34599.542375426805,0.0652554296304968
0.1985024362202335,34598.17419833075,0.0709804336684032
0.0681522212821529,34597.9418285625,0.0463242004355307
0.1961043086656688,34597.71104911818,0.0757475625741505
0.1457487710501977,34597.16556117756,0.0514914246920168
0.2660989910352107,34596.89403072865,0.0977766799654906
1.346748111125929,34596.06048941804,0.0786059580409969
0.6675024779249804,34595.17366999318,0.0791822126392518
0.670342806351015,34594.177860619864,0.0987429196715653
0.7065039290348232,34593.14404103966,0.0786832118675167
0.832611550043703,34592.01606055279,0.0875638047188598
0.1343497581122952,34591.34480503917,0.0678962843450859
0.4693934770133888,34591.083844290275,0.0683475602153452
0.7779936471262027,34590.8426649655,0.0709592760333337
1.235229660345211,34590.053647295055,0.0802811285980118
0.7553617559549416,34589.59723370677,0.0809181896339367
0.6997103655068557,34588.29045513347,0.0770589086227424
0.0779486638658679,34588.125054926626,0.1499999999998215
0.0594268795198535,34587.878021806246,0.0449025287065467
0.1446607729452829,34587.329269034184,0.0777867844849909
0.7924193488002726,34586.90175193634,0.0793450614352448
0.1330028801091437,34581.53499228006,0.0800896028035707
0.0609166543858889,34581.26075690675,0.0687424680538799
0.6144652191662379,34580.690042261886,0.0802080940646074
0.0947728887924739,34579.96349769178,0.0669324174539195
0.7376519513119847,34578.9630022787,0.0831527472164357
0.107729909131317,34577.99311418962,0.0747617905817394
0.0889079533647244,34577.7319953731,0.0405694735417705
0.9832581443755268,34577.50980952786,0.0847646856773692
0.571044817301017,34577.19356637669,0.0923153437693366
0.5738615908072088,34575.317094985214,0.0789179182207797
0.0951076277243573,34574.64690099669,0.0780476288032828
0.1218398936420006,34574.307992781774,0.0709432131842081
0.0600084427556143,34573.99008536608,0.0728379024354212
0.0422685101035142,34573.75414069163,0.0965185489620732
0.5527895928923754,34573.38579291898,0.0834142696904094
0.2902681112888241,34572.60624561654,0.0759637610278621
0.0905351810975404,34571.929336095425,0.0780404359225916
0.4983061158610171,34571.38487397441,0.0808458131579905
0.9198541572983102,34570.97829135702,0.0789545775265411
0.1317988233268949,34570.48948940189,0.0783118012391264
0.0377907166995586,34570.165692649694,0.1499981689623778
0.4642006205181037,34567.18296802402,0.0788751153493104
0.089772398105328,34566.525128610585,0.0747461627090169
0.2686895967515741,34566.12202925789,0.0976141943070585
0.420897593144258,34564.972615466955,0.0801311680104168
0.8450066295324631,34564.274415247244,0.0773054302658122
0.0519488126057622,34563.15659711363,0.0592637306258603
0.3623554229305222,34562.687524892215,0.0767987537596435
0.0554461518735768,34562.42097229769,0.1499999999607017
0.0498581904580107,34562.0880519,0.056289769250954
0.3722174999080714,34560.33200102233,0.0804876227819949
0.5219348855631746,34559.99914484763,0.0776875364893872
0.2585074525733482,34559.418972163294,0.0758951582129392
0.0391597677370045,34558.44450549809,0.0859348824658411
0.092129013599937,34558.161994661954,0.0736896539199767
0.3478186432413823,34557.899964274424,0.0773207834584225
0.6962975996743046,34557.38979785165,0.0796368862129755
0.2959047685530339,34555.408242711615,0.0811860556306602
0.0474653338244491,34554.24001433209,0.1102197204213812
0.1163845163325942,34553.75417415391,0.0742203702354864
0.0465765177691053,34553.49867522946,0.0502692533896053
0.2470697977240526,34552.83954578736,0.0819401717934215
0.1938370044804814,34552.566896782584,0.081612166661718
0.6420536930427421,34550.30045164485,0.0954692437476984
0.0413793341286202,34549.763703838624,0.0715179112240576
0.0858811422080024,34549.228006785255,0.0757196422340246
0.1727921073404009,34547.472487039646,0.071803226775127
0.0382737557903643,34546.813129953705,0.1384503716401979
0.0659393391024399,34545.837600731174,0.0801846174035651
0.1508715886257628,34545.533336011154,0.0752545159589915
0.2317417488777076,34544.69234859716,0.1223634690865379
0.1180458564926939,34543.79441079673,0.0993665327071551
0.048243247857233,34543.55472066156,0.0704209018822738
0.4904375832524654,34543.106271624594,0.0794444682918064
0.1094841923163371,34542.666483121626,0.095245516403137
0.1737551549463123,34541.8222405245,0.074847951856519
0.1152869428046244,34541.44807281071,0.0868054684661814
0.1892169373958446,34540.19374402486,0.0971622985872207
0.1867026322761137,34540.17837576751,0.0864592995908047
0.0653632177271131,34539.722055023565,0.0637793170918466
0.1823178376675908,34538.838785866144,0.102248757719158
0.1951523073890484,34538.320482471965,0.0759160830252222
0.1454038636953651,34537.37002603438,0.0932306351871714
0.0673283671780168,34534.98585005586,0.0787494356404615
0.0649064111277442,34534.77430765714,0.0713966502626583
0.131418037449714,34534.27803849686,0.099724400997328
0.1003563116605493,34532.77173055229,0.0767854968728189
0.1267497126409321,34532.57649798964,0.0754846513918688
0.1730293901104346,34530.89469485626,0.1043888829142116
0.1087843137029746,34529.57437506282,0.083535754805074
0.0917524848215868,34529.073950401056,0.0952311510820529
0.4112595564716485,34528.12313514844,0.0747757695741059
0.1015669367549087,34527.15817396928,0.1080364134630596
0.1021559664021507,34526.357667461256,0.0772704517948664
0.0892210474041191,34525.15556235246,0.112791038325377
0.0485653777239592,34524.466387133056,0.0786622723757516
0.0445288084259426,34524.08441613344,0.1319096588523682
0.12081171434886,34523.363874898525,0.098184674061102
0.1290990646397433,34523.0566030685,0.0824331384223895
0.0890477089814425,34520.95314243788,0.1034519388175477
0.3792705349952927,34520.37230274235,0.0783792175450329
0.0755285947820083,34519.642885892994,0.0700811570392347
0.0478932531511761,34518.67990821347,0.0656542159477867
0.051372894281289,34518.2176195672,0.122809057925372
0.0700079401015188,34516.35179770866,0.1499999999997402
0.0641398177275653,34516.180022899345,0.1218927842970189
0.1120720221050261,34515.68986190826,0.0702569323321173
0.0617300615851419,34514.03199013003,0.1252119871491774
0.0421980913509264,34513.543154068735,0.0697341282590214
0.301060241459567,34512.46042798724,0.1015775174036646
0.060973138141883,34511.53430605272,0.0724885310660591
0.0473309808366705,34509.19890116288,0.0594017341124905
0.1266864622355599,34508.97710739535,0.0686948199659864
0.0748760636253066,34507.7426731441,0.0978665471792897
0.0674680163777489,34506.32322741433,0.0568751688593937
0.0554200332209969,34505.99564345312,0.1045551079312344
0.0547435554925413,34505.2493137843,0.0752996788696057
0.2576000854635688,34504.34785900508,0.084622302461612
0.0571276889276821,34503.509767387855,0.1499999960859154
0.0544854316647017,34502.124614841094,0.0857775737811071
0.0418408470562715,34501.44178500339,0.091149247548293
0.061039965030606,34500.91485511151,0.145501620802949
0.0816408848887374,34499.67220254766,0.1140970393139401
0.0614426342042791,34498.163852915124,0.076038849988161
0.0567457095721261,34497.838523746126,0.0619973333346339
0.0465761515951343,34496.70575823048,0.0657553046399954
0.2402437998027846,34496.06796352153,0.0792926505286837
0.0412785124125472,34492.81503559585,0.065518228002986
0.0413908686542537,34491.79534938897,0.0873705264087867
0.0753077882115923,34491.49937333731,0.0717222334975198
0.0444304912972394,34490.081630059765,0.0715920814447126
0.0428651207011374,34488.22461773256,0.0635916621276636
0.2252551558793264,34487.63022232445,0.078711455755865
0.0503348777831365,34483.05343724124,0.087443726162817
0.1507974524837802,34482.513981336364,0.0790639592951787
0.0403802332821041,34481.243711911215,0.0806007845516119
0.2304138856624373,34479.03218712863,0.074740419868686
0.0811842828401256,34474.46597332625,0.0849370220017975
0.1796161298134418,34470.216652586074,0.0749161332051706
0.0557086272744246,34465.722468298125,0.0710058895564971
0.175300595009372,34461.236757565435,0.0762182506004635
0.0649174641332694,34456.832543310964,0.0881323229787582
0.1504492810585743,34452.10085522128,0.0772480984079842
0.0485780600643946,34447.67934577596,0.066162284878964
0.040567381329313,34447.0709786658,0.0744344356290184
0.0345378529152228,34444.66892713266,0.1499999999999998
0.0439607459913388,34443.35383592652,0.0805811751398155
0.1557424653439597,34442.79992421918,0.074346464602776
0.048238684538818,34442.03026640394,0.0779370831547999
0.0500173598579072,34440.56506530441,0.0639458437733391
0.049805571780605,34438.969368655635,0.0994825922423374
0.057632804679486,34438.40916914653,0.0884635578232837
0.0564987605752074,34435.72369651725,0.1229387406362251
0.0474915991348322,34433.84790585303,0.1053422704930804
0.1308977352108335,34433.32661354614,0.0723898410615536
0.039839370959955,34431.9241833136,0.1115643684216712
0.0569645842511264,34430.006060857944,0.0727431687515061
0.0607353927703546,34428.93524287822,0.0617805232186498
0.0513578775929461,34427.956078447154,0.0912625568457731
0.0448863815994805,34425.76630169709,0.065492068553235
0.0444319629718741,34425.58364445546,0.0710052414169537
0.1516880068308727,34423.63605080253,0.0947188386084705
0.165344556855069,34413.805581375,0.0929788795931672
1.6902131582499569,34412.62012754847,0.0794754052628696
1.708988831863032,34412.278835359284,0.0795404781641443
0.1259838261197231,34403.82567273401,0.0669931754937804
0.1111008721824652,34393.6710993739,0.0723320071405678
0.0895417732930528,34383.33762696155,0.0839967183131264
0.0387659948717427,34379.15452931859,0.0738022449534874
0.0367266660048131,34377.31607352449,0.11214790390217
0.0956274346475897,34374.17929596345,0.070129034444323
0.0597003062464853,34372.80380303292,0.0722153419918677
0.065047240794859,34362.14296764401,0.0654998956448051
0.05011564337114,34355.83790943498,0.0680772156302005
0.0727292968063519,34351.27919975008,0.0695526373803821
0.05428802702044,34340.263154126216,0.0747058963836318
0.0439668631761288,34329.051624757914,0.0677291077676438
0.2452501372653013,34309.560484235684,0.0734291934309761
0.5317668743491756,34305.487647701935,0.0773228827732895
0.2581906101952034,34303.55197625453,0.0736797128013938
0.0500963514425559,34174.83003799892,0.0658944628138792
0.1077360731168629,34169.76775601699,0.0678983477420048
0.039530327728596,34169.26937696208,0.0620237351542002
0.0308299046669339,33449.36916113523,0.0649365540213631
0.0237490419839791,33440.93386669693,0.0642763241761603
0.1563001823812406,33417.71922231222,0.0727150394589437
1.141559308021895,33413.827039728734,0.0773856145310739
2.3034542471587054,33411.77698129401,0.0779015028367046
1.1622636453551092,33407.77503474212,0.0776658833061057
0.0367034913990446,33402.97633534296,0.0695240006430858
0.2726207211718621,33399.75049387201,0.077772773315951
0.1056884258124895,33390.55510759585,0.0739482839857805
0.0426030741062737,33388.083689667954,0.0650452823478121
0.0396321317589844,33381.39901078346,0.0773739903532988
0.0465224292808048,33365.83643750096,0.0696536057386592
0.0273838311460799,33359.258797038136,0.0865256783119667
0.0287262225221681,33338.45298091122,0.0539957805444554
0.1810634634134621,33317.444698100866,0.0787368876299812
0.4071659851598936,33310.99517629703,0.0783844952647247
0.0253128457338808,33309.87755567108,0.0583818125385528
0.1827784749776449,33305.17869958995,0.072384860943691
0.0474510823273749,33285.067930787365,0.0775080861019427
0.0294638395029577,33275.17357514647,0.0709896129174186
0.0260199619540328,33272.01147057754,0.0603971060261076
0.2379590127511135,33271.35442854939,0.078508750233056
0.0264124713193377,33268.523023191294,0.0964458826874272
0.3419788387494765,33264.91026037424,0.0825967378333702
0.0225628024822852,33260.655114614645,0.0692991882539168
0.1971334873673335,33259.08596875463,0.0770099395766551
0.0273639086891854,33256.240266875175,0.0572547422964682
0.0269335280476245,33250.14766891902,0.0611356414407307
0.0237010910079728,33246.29703906351,0.0762323275778954
0.0850232752848491,33165.05456680401,0.0723149740290525
0.1409909862158887,33160.55957049267,0.0776856593496093
0.0576310468944063,33159.19675112584,0.0761545654994913
0.5568533316667196,32959.992927541934,0.0745566346603739
0.0204009236962795,32778.34930639959,0.0674174750295372
0.0352721146921599,32777.617225067486,0.0668958279344661
0.020072205054002,32773.78332814647,0.0608710258618072
0.0195664962528698,32709.134900093257,0.0716222016468959
0.0234315622772386,32304.9167039645,0.0886407980550584
0.0872889888008528,32291.140313951844,0.0748743066916278
0.0744953580425714,32286.60883154483,0.0673499735896607
0.2069411665157633,32283.74683873553,0.0766311797246805
0.6084786569050235,32277.58698380009,0.0781119885551071
0.4620277648123016,32271.46854970421,0.0784364803512999
0.0979034343804492,32270.96417865143,0.0784331888455653
0.4722616883152029,32266.30610349755,0.0769223704023092
0.0953207086464342,32262.33523015933,0.075701602974515
0.7205998243043583,32261.11437033237,0.0773098682393801
0.2360909749616639,32254.02845522114,0.077893471517484
0.037304770296274,32212.49488216881,0.0847590663810294
0.0213356427559034,32207.91480114953,0.114295638212639
0.0549120868753211,32202.56605712265,0.0845680387982007
0.0284229582407779,32185.247497555545,0.0708389803162119
0.1746229928401359,32149.409324147884,0.0737208855506931
0.3553195643626233,32145.55825111059,0.0772616756744856
0.179843425616489,32143.341098482782,0.0750882185624599
0.0528521549738321,32012.962249034383,0.0688803115455431
0.0515940583205872,32012.95031541389,0.0609423932332646
0.0218590289240751,32012.18452175716,0.056694173765329
0.0260819489231842,31467.79120239472,0.0726460697203457
0.028633257132523,31452.3412228328,0.0578085935769597
0.0310937430159658,31450.08904357316,0.1078822213609364
0.0489104170865825,31447.56494456356,0.0774890335863412
0.0262374697434097,31443.24692461523,0.059621913181504
0.0390498959815437,31441.6594311042,0.074967216525883
0.028555520223287,31439.98715691468,0.0716821599960794
0.0267508139857143,31438.280305825967,0.0699641039548303
0.0315289335561905,31436.466525273216,0.054253885316482
0.0290687991099745,31430.621458459085,0.0558798349739299
0.0305274385871714,31426.341619311963,0.0767404289840196
0.0276609955624921,31405.298765328705,0.0915272448856183
0.0314321411041097,31389.04968602545,0.0861044827012554
0.0419072966936167,31387.111665859724,0.0651240982454869
0.0374311872399324,31385.067210768342,0.0855596921203492
0.0370059751052237,31382.85136346635,0.0584614240568655
0.0442713507555984,31380.505946617093,0.0677468488218172
0.2209540338329723,31379.76079593336,0.0719864499364814
0.4480465207875876,31379.443714145047,0.0776070094821979
0.4349699476641411,31377.994184901847,0.0758773163173781
0.8409258191780126,31377.680853477603,0.0772046927730557
0.5510077771281838,31376.070579077736,0.0753721178003059
1.0160907875171463,31375.757550770635,0.0769702707313191
0.0577404217869821,31375.428110822617,0.0571028766080115
0.2304800746845319,31374.281716503992,0.0767742909818035
0.6167834029476117,31373.98265207049,0.0744847334402719
1.3629608896389338,31373.67165652736,0.0770764586828968
0.4396227401443973,31372.52663707952,0.0796209186381161
0.6876777667301788,31371.736430127898,0.0761717460327116
1.4556322006551037,31371.425704313147,0.0769703643823069
0.5225777529200352,31370.60890251064,0.0776268825483011
0.6336755364156027,31361.367535020487,0.0598864080387786
0.6296913346250703,31361.134560690112,0.0652626133085417
1.208996730246314,31360.84817914214,0.0802286898533021
0.6936834877842739,31358.634011622777,0.0780323173309959
0.6795053610921561,31358.10592276964,0.080319100923323
1.3038920315332747,31357.80333768002,0.0799262905156201
0.0329173375869442,31356.79745754391,0.084489663647366
0.7060424312340677,31355.76136985812,0.077588034897912
0.5645448345489001,31354.897242757645,0.0817307085888605
1.1010114851950472,31354.59733504244,0.0809845649428765
0.036918687235036,31353.2328258642,0.0651264502054496
0.7139599009685886,31352.72601382056,0.0772661272519003
0.5913373122631974,31351.525223304343,0.0819203917280474
1.1725490111451466,31351.22815510125,0.0808963987303048
0.6258313406151812,31349.53556792793,0.0780962074025644
0.5533668991211691,31348.00528724023,0.0805672230387363
1.0647304657953445,31347.70811867488,0.0807881554195512
0.5927430338314319,31346.18410321243,0.0782719400318471
0.0274703051957428,31345.637527687653,0.0595021480858947
0.5463984446684202,31344.31570052696,0.0810204319550734
1.1075987895812704,31344.01873172318,0.0790432939986718
0.6158968708362055,31342.67461928565,0.0768107343608945
0.518664852996266,31340.46638115957,0.0818301042666366
0.9895593548620322,31340.173024998163,0.080495334940003
0.5035244844254555,31339.00749075572,0.0774072490559993
0.0379376462573551,31337.52869262843,0.0702519501103541
0.4734801021867728,31336.46414086695,0.0805943547603992
0.9343639360499912,31336.17312761176,0.0801871335334936
0.543485617135766,31335.17359476956,0.077624193698857
0.4053001888496715,31332.30093107241,0.0840058716880773
0.8730158559421304,31332.00864503636,0.0797473796707261
0.4361300435276809,31331.18497665424,0.0785172213983695
0.4269096118979975,31327.97013014223,0.0822051515048139
0.7908434081765544,31327.68031149525,0.0825518958101234
0.4415978662261448,31327.038834130795,0.0787147146052519
0.0975553983579202,31324.276246906647,0.0732505283902088
0.1255784705394424,31321.666164889102,0.0800072634003202
0.1379229729144102,31320.665664011674,0.0730772885765656
0.1384162885644227,31319.59822419421,0.074315397854001
0.2851541781168631,31318.851481680977,0.0749647276748335
0.58070943144585,31318.56489978738,0.0765152940415765
0.3824499462987602,31318.26369071285,0.0745220254815299
0.1447876685324822,31317.28109424148,0.0819730437763087
0.1574821270393744,31316.027534089582,0.0772114890049826
0.0292409125185752,31315.731493818133,0.0745668843501898
0.0575529844292715,31312.518078920755,0.0673695703556342
0.1507458600026159,31311.86986249757,0.0751708265190897
0.0571326923361647,31310.72121752183,0.0762308499028658
0.1303641361801624,31310.3627755845,0.0772359498912234
0.2967660700653521,31309.08196201913,0.0749284634391203
0.6936263213104842,31308.76816305395,0.0733918972893223
0.0291731500568099,31307.70265587373,0.0801244640697716
0.1259263502989849,31307.12618606268,0.0722225528398893
0.0681473311348538,31306.73070811117,0.0681286230157784
0.0363569540797074,31305.842040619253,0.0791149121509153
0.130177626481525,31305.42202147445,0.0742923548326593
0.0704029917176145,31304.542777968927,0.0758584704552832
0.3423594773475038,31303.93792287627,0.0899148644429272
0.6735065419786888,31303.663622723645,0.0789010849185498
0.2166692818182115,31301.155237732128,0.0759442826325999
0.2368953486239438,31300.397537618406,0.0817000543400763
0.1525550477901738,31299.814712437103,0.0834499276646777
0.2977414577562992,31299.55628508919,0.0711612196911699
0.1038562523739333,31297.35290861188,0.0779968710507784
0.0333773036423611,31297.15579931441,0.0546928278215583
0.2967934581188951,31296.709536293336,0.0776753271001411
0.1434122477957748,31296.35804569728,0.0749718593197665
0.0822736352555991,31295.872686820472,0.0600656094663219
0.2851763447810092,31295.627934308824,0.0782341735942849
0.1255175212875724,31295.34376649968,0.0773710717951246
0.4063034814420842,31290.724177990392,0.0770152588869727
0.0368218881896477,31289.79400386989,0.0654299570600841
0.260484097595039,31289.371203386305,0.0806120403570313
0.0745371250093955,31288.745627543503,0.0919593150425153
0.2610453079428059,31288.120132070177,0.0846772870229308
0.298998129173683,31287.912834270228,0.0750537456190927
0.2201970743214133,31287.62476059067,0.0815081781485333
0.3783856975491821,31287.353144264474,0.0870781359818873
0.1285594499187177,31286.983662503364,0.0814806839211934
0.1580452272583511,31286.59196629733,0.0681357122588313
0.2884738799861823,31286.404197372507,0.0742396571206465
0.0827511446037097,31285.67149824543,0.0736444001313244
0.1274617227330252,31285.094245645705,0.0785587382608791
0.2367940087993136,31284.836706866063,0.0753874295671213
0.0422252856496964,31284.541919397005,0.0719505872594056
0.036734961757736,31284.04315073673,0.0835405558967952
0.1407139129019603,31283.50697473982,0.0774175387981482
0.2565767835407654,31283.20600066616,0.0819205426528561
0.1248438637058282,31280.19607643412,0.0760561741284913
0.2262976545090816,31279.758856782188,0.0737605116352421
0.0679283476033467,31279.55198991892,0.0640498855302091
0.0700174251215179,31279.124863478453,0.0703550061293697
0.0970879450281873,31278.44069267909,0.0719592534928628
0.2306504229702541,31277.92656106144,0.0926607266451383
0.1912369265313403,31276.84929583412,0.0921221181693511
0.1192819888363098,31276.609651858875,0.0667769049405365
0.1350616534172911,31276.00716037025,0.1034987126191124
0.4872009639477296,31275.671966712904,0.0819960781714213
0.0765990459148359,31274.73604251693,0.0778011536853965
0.0550884343000866,31274.38318055184,0.104744066950238
0.1706797435767797,31274.08459406748,0.0672940333822829
0.0781420369009543,31272.78357847528,0.0735213800293946
0.2741515567133653,31272.06914266293,0.0740705617407034
0.033763557851961,31271.543768830885,0.0843357738463622
0.2064026995515291,31269.92210885704,0.0988492357176317
0.2734177766159961,31269.60177482025,0.0861398917810788
0.0965784628512145,31268.70449671745,0.0820101587846389
0.0668271641449131,31268.35993251571,0.0757981097049461
0.1570361538395344,31267.83242818139,0.0751924721494323
0.0297276525392672,31267.43934035999,0.0707900225927443
0.0675350438682898,31266.548760905025,0.0712981200265746
0.1371496096617074,31264.88395732093,0.0744057965034007
0.0613659455553122,31264.512337742435,0.0621526968731007
0.0675513648924556,31264.34659453857,0.0713285899442333
0.1106683586816078,31263.641082041508,0.0745522279235463
0.3034726127853395,31263.364700979284,0.0785804027380794
0.0538914641196963,31262.083189376743,0.0599970457444355
0.1354419767706744,31260.971810836443,0.0734357139718666
0.0801392227424449,31260.524537183486,0.071769807280234
0.0525720532411499,31259.69286089639,0.0929989486000908
0.0294423092503417,31259.40684208922,0.0728592717182327
0.1984880150310724,31258.63176982824,0.1027586495946642
0.0662917696253239,31257.244586460463,0.1202984335348481
0.2857743849176916,31256.96762041833,0.0776092273059808
0.0722297555804259,31256.42447378293,0.0933270866446988
0.1106886899248989,31256.058485882528,0.0760651658318775
0.0447389883362812,31255.84706644444,0.0701254521619403
0.0443298213233192,31255.42986762607,0.0867665617707426
0.0689132385045893,31254.9928191574,0.0697197218941341
0.0547392664855035,31254.80584915876,0.0595928706968627
0.0559296087746112,31254.083024143365,0.0693849959346
0.1107640899978075,31253.50809898518,0.0697459411578871
0.0897550173323144,31253.1411343473,0.095828488900046
0.1248707938889119,31252.318310704213,0.0748203066151044
0.1053651361897929,31252.08022879111,0.0705216488024913
0.0242998295884253,31251.210211713093,0.0662897097919547
0.1556231776324087,31250.9086927829,0.1019404237038614
0.1000955458372879,31250.66855297216,0.0612831268738713
0.2682156647431212,31250.41979395447,0.0770570454793572
0.0693022890785699,31249.72832258171,0.1420671870155824
0.0551995065602862,31245.746252709258,0.0577934684536804
0.0451400446542067,31245.39403750154,0.0580963858415132
0.0287777710683016,31245.14049989213,0.0687548889554869
0.0847562009903718,31244.397100496102,0.0644543466277935
0.1058721451655299,31243.9773853262,0.070257389057992
0.2021798013473056,31243.70997226885,0.0878436186843996
0.0458878676684982,31243.34412002082,0.1019652149242795
0.0893460095154022,31242.863246543297,0.073097768708173
0.039620200714622,31242.552009178176,0.0728438071347923
0.0500084368077501,31241.85788480305,0.0716540165422513
0.0691377678477196,31241.26812516948,0.0703280247327257
0.0614105413116777,31239.581144348715,0.0808728229820589
0.1065576257431945,31239.106261544297,0.0753841726572686
0.0322740612797803,31238.763255758666,0.0807190378800375
0.0385958788287251,31238.2561917137,0.0596583511476338
0.0789127993319977,31237.81188040704,0.0702689212722667
0.0922008183028862,31237.115378753657,0.0913986743774845
0.1533604168365172,31236.841478990034,0.0997309111744271
0.0316582296832936,31236.640037101217,0.1362692243367658
0.0389966661030061,31236.34382638499,0.0727442810506486
0.0714812208997929,31235.99405809713,0.0717361395165011
0.0391256649862865,31234.358092809347,0.071382594247548
0.0672714231804483,31234.057072799253,0.1177429688717543
0.0588479094829787,31233.57282136564,0.0669936494944127
0.1154036603346166,31232.291722560112,0.0770939559392232
0.0730816343006827,31232.052955938743,0.0539350462961028
0.0469171014424429,31230.42072484672,0.075535992605216
0.035583840358649,31230.14459293419,0.0487667630337178
0.1624423734556375,31229.807304911046,0.0740310260555429
0.0979571496620046,31227.876555260544,0.077313651739852
0.0263572684499081,31227.1290802002,0.1499999483849425
0.0351411059638099,31225.65377115841,0.0659898292970462
0.0889514593818015,31225.267119905897,0.0721030695313039
0.0265300293936845,31224.144256191783,0.0600645740969992
0.0343097232137372,31223.915516372934,0.0549521087690058
0.0548560574674898,31223.323095979413,0.059965335309297
0.0631358185561829,31222.891486771,0.0857961395583646
0.1357765893938657,31222.624275647773,0.0757266649071722
0.0475369949736707,31220.89781049846,0.0844661037240272
0.0297979879115501,31218.96017209379,0.0635579436182057
0.0432150191276517,31218.40583885662,0.0607095174834652
0.0559101410759784,31218.144326660105,0.0731666314156748
0.0299385171812219,31216.100483923045,0.0751769624722707
0.0492961842486543,31215.877949190493,0.0878320253209258
0.046645429326442,31215.570384369694,0.0755882128071238
0.1205554860469851,31215.26367148087,0.0936182275309938
0.0330784904581969,31213.62498333932,0.0792995231242307
0.0496149644671993,31213.12174380375,0.0914998896806999
0.0798298954371075,31210.761405430745,0.0916340430674104
0.0295727641768279,31210.41430894035,0.0752735363933288
0.0492203930455989,31210.02664443734,0.0832588548449119
0.0313226592499004,31209.74143535475,0.0537760850333517
0.063577102612621,31208.045804315447,0.0834552724902278
0.1037264405105758,31207.78473645584,0.0741273522934437
0.0362635281162954,31206.59879816569,0.0707627502305079
0.0385422680505928,31205.16800167882,0.0744314062112069
0.0266281599685501,31204.00710835931,0.0671376386589931
0.0307621043250804,31203.56880661391,0.1278263297978654
0.0586857151641986,31203.31268537824,0.0644352733706083
0.0236746523251892,31202.71501772416,0.14999999545936
0.0277752121055322,31201.617137451314,0.0656447378353441
0.0515613747264759,31200.34411447739,0.0985150185442727
0.1189471358875343,31200.130428098382,0.073267359271856
0.064373148318286,31198.47213437129,0.0693962853288078
0.0409866605330211,31195.71748996486,0.0617387197934437
0.0458648396728432,31192.619385327893,0.0928015824170539
0.0904037477867898,31192.30624854246,0.075486395680681
0.0448432425157281,31187.910184969925,0.0663285192748228
0.0447326833558593,31184.60803349178,0.0726264834074503
0.0671592963349962,31184.32583665705,0.0911887592971375
0.0280073594375822,31181.352803788763,0.1036851415804663
0.0354692134618625,31179.96213279179,0.0711033015400002
0.0361537274601258,31176.45378473429,0.0826688763710603
0.0722511568456102,31176.22193459699,0.0832287458186416
0.0348294994282764,31171.903441697348,0.0658986568117214
0.0355624008510326,31168.1684943474,0.0742038636910757
0.0648323522442338,31167.90914064,0.0742109530522375
0.0267420462528835,31163.59796127337,0.083562785775011
0.0373566957895461,31160.65039334066,0.0642208480240466
0.0248475808894374,31159.724006830395,0.0502517665859416
0.046554451164822,31159.45823845947,0.1107880193061841
0.0239654266191635,31156.37273041335,0.1186407595410618
0.0283181870738397,31151.19502978031,0.1499993456294839
0.0441881213739481,31150.89130946389,0.0649637458723874
0.035161561137313,31146.651857602912,0.0725444189320596
0.7098818900224719,31140.022415893043,0.0797685489429105
0.7116290758649537,31139.699012180587,0.0795819409489848
0.0969896354661625,31131.815213911585,0.0699987979262847
0.111111967887033,31127.72944201729,0.0755909792091576
0.032877488717738,31124.12263973158,0.0803753185159343
0.028857368320604,31095.974753700582,0.0584527163421338
0.0368523392999646,31078.86869604104,0.0719753797853461
0.0905815496485929,31005.895705727307,0.0757243298586142
0.1881199194416147,31001.5884025612,0.07490601980406
0.0964103838596506,30999.945208261383,0.0730860807271771
0.2469851867995143,30719.991229167,0.0757575322718238
0.076648692496052,30121.68733082307,0.0797757192516984
0.0164521987078023,30114.798814166108,0.0785665940928289
0.5522720415912168,30111.33785210748,0.0798671337443899
1.17557031161286,30109.00622167852,0.0780988610825522
0.5571433999576476,30105.24039985474,0.0811864595540188
0.1638203118377312,30104.803244712373,0.0768637404052979
0.0175095692353648,30099.436627940868,0.0756394528432196
0.0251096689529907,30096.000441337965,0.0701951344464156
0.0884222356191379,30094.31435319285,0.0727837682223192
0.0159851037025075,30092.20449226313,0.061439661148193
0.018751600214842,30091.0809392763,0.0625752368817539
0.0258476405532346,30085.11930284789,0.069883281935266
0.0199452845172034,30078.69010510261,0.072427431964038
0.0175459176780212,30067.573738463183,0.0848022148140038
0.0230356265312796,30041.9755352476,0.069593216049528
0.0251732512949762,30031.054543700586,0.0777540942186856
0.206544435596447,29988.97381121342,0.0748258800532052
0.2148643934210835,29982.8680898518,0.076551909451066
0.0172996573125998,29954.44064818896,0.0859443527761109
0.0245691044014855,29860.06994792018,0.0639611193743026
0.0587726899537762,29855.36750632681,0.0711524487592713
0.0262580760153216,29854.29550949785,0.0653870672914544
0.1442905220698715,29439.985058867544,0.0722814046336497
0.0207683621466881,29034.280721824674,0.0600475125210217
0.0213798739037377,29029.47431240368,0.0837744484470581
0.0956519750168502,29008.148431464844,0.0789144521278224
0.1000644241377537,29003.5253202951,0.0716179220653453
0.6507530092361469,28954.537638382528,0.0787714525703041
0.7176879324194673,28954.062988390964,0.0787947484422293
0.0230746014610611,28907.34702495794,0.0818529328595864
0.0805536527304921,28846.215581745186,0.072914043691309
0.1782144936383834,28842.12659652446,0.0749218864999486
0.0905614014782852,28840.206380433283,0.0770940656419695
0.5936282121860198,28799.98819511984,0.0755333446433535
0.0258846332870507,28141.945077381417,0.077770998538509
0.0267229002055017,28140.99739903996,0.0739066537631375
0.0404117189095451,28139.97845175212,0.0679125152816623
0.0310229994303722,28138.85941216348,0.0814324785740748
0.0285991281658149,28137.70623670558,0.0640663516537843
0.0355953223432347,28136.469753575915,0.0649629314191154
0.0430790681728091,28135.18139106975,0.0783021605448697
0.0275069032615169,28132.36794431062,0.0637947438749617
0.0351308915984911,28130.88782690851,0.0643334234059045
0.0354515872180859,28129.31781969524,0.0702263217839035
0.0314873788187704,28127.76493321568,0.06516987840217
0.0335222046980388,28126.00623765572,0.0618471720606778
0.0234230595216106,28124.28539247448,0.0665511074922945
0.0332234604116869,28122.504675768017,0.0879514791417708
0.0232462670240262,28120.636086814746,0.1008959234619108
0.0335639907660674,28118.65157189064,0.084960915663686
0.0315737410343435,28116.66167763532,0.0924955968916237
0.0256622191040993,28103.1423044668,0.0679527654443126
0.0251943413879354,28086.683673886604,0.05556144205471
0.0330402064876934,28082.83448651326,0.0723663795320396
0.0238119851037896,28080.72366205412,0.0930733062483281
0.0333034951884229,28078.52341835324,0.0659625937998378
0.2499257009997885,28076.15898399821,0.0759304350806686
0.4443879151251096,28075.54465211308,0.0777003132004471
0.3444597904934867,28074.72469396533,0.0748314474610322
0.6650877066891873,28074.11043986017,0.0763462502569081
0.0293472708939447,28073.669359586485,0.0771612494257618
0.4864237678835204,28073.147229475835,0.0778160132124804
0.9844963935580168,28072.529438355992,0.0785434742556339
0.5459499900217114,28071.42353613409,0.0765733452242676
0.0374564224547941,28071.09405821075,0.0400090064055355
1.1068914223542907,28070.80902134849,0.0797555586144435
0.1872721441389621,28070.53702767766,0.0669548722391717
0.609567610392303,28069.559186328945,0.076887120233382
0.364954266638436,28069.16297674365,0.0455371802879489
1.0547574081401976,28068.93282035685,0.0703454133480647
0.0455971453452275,28068.351204907027,0.0742672182610315
1.0696929442675702,28067.55185402869,0.0773108213513154
1.250214875694664,28066.93414590777,0.0783879796127051
0.491675422822184,28065.837992553643,0.0768054049178926
0.562332209615671,28065.39456755992,0.0772229209909037
1.2457778795564451,28064.78019834636,0.0782583896677866
0.6065715901086892,28063.97971692608,0.0772470523653077
0.5705275357315611,28063.09605831253,0.0771560088785441
1.20347258545753,28062.48573580856,0.0789362891263688
0.6274894968712524,28061.98224333609,0.0772698157171354
0.6544903690821448,28060.65817214328,0.077109761101551
1.1167227480355053,28060.05318302993,0.0759609391964861
0.5514819934140073,28059.820963407263,0.0673960265437437
0.0357190577508427,28059.4193799342,0.070161030388894
0.5398038918500311,28049.84158342552,0.0783337717129579
0.5938876883918658,28049.4579746759,0.0778460303560736
1.095017421905477,28048.859384022915,0.077793684050473
0.5716863445551086,28046.980624783107,0.077911412545487
0.4990189851557188,28046.300941106416,0.0773500049455831
0.9703932089906124,28045.69981478173,0.0776248015928955
0.536142251623704,28043.986115692616,0.0786318572140759
0.4211326620881316,28043.00151285446,0.0774618826848805
0.8812383247969487,28042.40249595684,0.0778724172489171
0.4390563031235871,28040.846264520344,0.0773739788785024
0.4080824782395993,28039.55557322849,0.0767983218861291
0.9082510756037182,28038.95910547186,0.078445441798118
0.0355699967756333,28038.209633378567,0.06751904592052
0.5244747712445874,28037.56031573793,0.0758123873637076
0.4656517483224632,28035.96532253964,0.0760127934210872
0.9844493209662676,28035.3690074332,0.0771743616938115
0.4542566961973428,28034.131100742747,0.0784547511855942
0.4088376124763802,28032.227025340475,0.0777720777391174
0.7264751580686748,28031.63778965405,0.0788296258616077
0.4611335980296582,28030.56321212079,0.0764273886877968
0.0269699574882157,28030.1575559091,0.0581762356656099
0.0342376674559901,28029.78966600036,0.0579621560096705
0.060436596559095,28029.227899831185,0.0682823114276387
0.0896262528561528,28028.62158368872,0.0864283296662904
0.3551836145237909,28028.3621939849,0.0804225549669847
0.0913551270707247,28027.990694049025,0.0403660011882398
0.8380298695183301,28027.763730639697,0.074281734587841
0.1301057451115857,28027.214383308103,0.0707514539582602
0.3794877507129646,28026.851277054782,0.077493145149993
0.1167291835585047,28026.42587105357,0.0703597585592759
0.1248959560103384,28025.57925426792,0.0783043744594788
0.1215632994178582,28024.687413765816,0.0707302370578522
0.3164054587160595,28024.335289012288,0.0754703915011683
0.7385136625356057,28023.75015231085,0.0780090230476605
0.3208219444340133,28022.991752270387,0.0800069595806557
0.1280587679024027,28022.75493100581,0.1190429238996204
0.1272885391275401,28021.634544101373,0.0774079835520902
0.1243861179782557,28020.50833063701,0.070086804153303
0.3552576546516113,28020.17292053632,0.0767876653014699
0.5490114586265652,28019.58728499441,0.0806373684963118
0.1349239949073974,28019.34712134939,0.1255475155102619
0.2794223618547288,28018.995440540857,0.077504846804172
0.0290909891721104,28018.6797899552,0.0973455675768997
0.1341198654292159,28018.06310027836,0.0747926972479942
0.0306586468268221,28017.398447468426,0.0642344760050116
0.0237064651322347,28017.122607221405,0.0978649421725419
0.1160599590164663,28016.75428520854,0.0714945253123306
0.09410352020219,28013.955031549285,0.0742452883047781
0.0539552851251036,28012.93356666517,0.0771339132953787
0.1120891978058291,28012.477683261724,0.0815438748962003
0.3070798058224217,28011.41664990333,0.0776126555410347
0.0651729180849075,28011.2531829834,0.1007400378844838
0.4152315575134783,28010.82790265035,0.0749981775667488
0.2856515143559547,28010.58171387387,0.0970561497186773
0.0668084931302218,28009.28470789843,0.0992454602044511
0.209757662960752,28004.93883794682,0.0822537569553337
0.0615842896320157,28000.88240495656,0.0494053451237445
0.4541141979819314,28000.66274512102,0.0749195582502721
0.0554195602059931,28000.288477576203,0.0741812474232102
0.1371374151592268,27999.834978975137,0.0772563973909752
0.2374072021272235,27999.62876756916,0.066525957524398
0.2202777693601322,27997.43331043189,0.0767507183493702
0.2227510383433346,27997.21129603505,0.0799391758794729
0.2192053516586973,27996.8872018128,0.0913737033441939
0.3502575758492897,27996.63752402296,0.0786719325184395
0.2572876305568272,27996.247072894083,0.0822428512674733
0.1114709855218493,27995.863908843225,0.0754162954163876
0.24603624898768,27995.00984464385,0.0796282892288917
0.1303993625506246,27994.75269119441,0.0741351292445137
0.0855877030136719,27989.688205169048,0.0769705190473393
0.1919151960141358,27989.462115458075,0.0712631438392801
0.0252663239869727,27989.225023198167,0.0400000000022282
0.0919551714742466,27988.284787116547,0.0770317342269855
0.22909565130467,27987.9154088776,0.0790876737531673
0.077018112444235,27985.29824456994,0.0706068904843523
0.0282101915061578,27984.95123638192,0.0498007308826061
0.2579787945838879,27984.66989804739,0.0770452527205966
0.0273960991799973,27984.176719582403,0.0609112048337466
0.0898973120364155,27983.70274177059,0.0699006272419669
0.0862335423742373,27983.699116049807,0.0703837746499021
0.1672918728395334,27982.96751990391,0.0733704466369084
0.0918601589971807,27982.084869221755,0.0615467562129047
0.174371395234343,27981.87509932906,0.0623052736795752
0.1450331303709655,27981.71246604232,0.0639209682793736
0.0633100604182756,27981.52716046536,0.0838324224544775
0.2988414651508458,27981.161698930173,0.0800843665641852
0.1010191743304543,27980.37688918452,0.0735245646834994
0.0275732098489677,27979.99751191774,0.0656837182719614
0.1178434803613018,27979.35761663826,0.0756008191430072
0.0598109888479934,27978.60456155417,0.088470048892699
0.044713679566318,27978.35348203028,0.0681024957118119
0.1091051219291728,27977.45389012115,0.0762265720321054
0.0389254128352853,27976.81482061867,0.0550069388604853
0.1176749755080398,27976.57789093263,0.0690182922480663
0.1308713045016391,27976.26752886656,0.0737872820348261
0.2379679950643932,27975.71047872979,0.0731560786166491
0.1046518294036669,27975.513794037903,0.0884150543252404
0.0799156239152909,27974.95831655323,0.0781739065467902
0.1142801307464452,27973.47311646453,0.0748444201790067
0.0316051051171892,27972.96203427234,0.0895268415275701
0.0261947663254876,27972.53546493922,0.0794736793600895
0.0253396411119145,27971.95672100752,0.0585052029321885
0.0674774312666113,27971.58632167337,0.052222654854648
0.0705532322309355,27971.370379418662,0.0492437688789473
0.120578452068013,27971.17237986341,0.0811412675728969
0.0403299762171472,27970.937919348104,0.0537770400575116
0.1233129517410215,27970.671917620894,0.0726542296350376
0.2320851355856452,27970.116812718963,0.0739684241195746
0.0702101859614051,27969.23957955389,0.0768242802570836
0.0690637127831221,27968.87405431945,0.0660913504543456
0.0792875261120585,27967.04329711657,0.1009465135964521
0.0270735620390858,27966.75667522877,0.0584973312706692
0.0339377492558663,27965.85130716424,0.1499999775758166
0.072181525696676,27965.583750847785,0.0679284674271802
0.027325294460742,27965.151034992523,0.0561199591543577
0.0771999713911253,27964.933192238328,0.057904172336716
0.0505716428260467,27964.72011586202,0.0444636673697432
0.2176793583594904,27964.37431576702,0.0759559718004592
0.0480279488118923,27963.55164740237,0.0915081080875169
0.0303161946398316,27962.979614383607,0.0529564467890498
0.0512113288867102,27962.679148609528,0.0733209147625445
0.0785770600446365,27962.36562557123,0.0855680458477905
0.0463805778063525,27961.732651990365,0.0661602399668827
0.060166206504151,27960.71920680039,0.0967538303875575
0.0511329956443476,27959.93623962403,0.1499994028349488
0.0553318564044394,27959.71050979215,0.1151941932811038
0.0475658435058891,27959.042819392824,0.0739580859008847
0.176826216832714,27958.515536537216,0.0781266934063838
0.0261173045295249,27957.691778385142,0.0721611264057514
0.0645516734197882,27957.32296252988,0.06639167451974
0.032060597214083,27956.623709193584,0.1037776631215765
0.063791274493523,27956.03417109125,0.0741699523157643
0.0353718381610681,27955.024816894555,0.117429298035136
0.03572778177378,27954.763785297426,0.0726466189180053
0.0571697103800116,27954.042216588023,0.0783828089760474
0.0513281146799348,27953.30726229174,0.0731992895734555
0.0925709134723252,27953.03229260204,0.0715772282758065
0.1350930866691237,27952.49116260919,0.0849874774861211
0.026765485719251,27952.27255301272,0.0400370250942352
0.0690902686604528,27951.808054331264,0.075296146998192
0.0582815135920668,27950.251435493832,0.0658517885095407
0.0392566131046876,27949.57442891322,0.1068846285285905
0.0454582605275675,27948.609020691107,0.0962182305191302
0.0571709443506465,27948.049288502498,0.0760633634431211
0.0197230831741393,27947.60728138004,0.1499999968135089
0.0746725291650531,27946.85078807361,0.0642916123087099
0.152153153290507,27946.32481661218,0.0745373336868149
0.026601897540301,27945.6783103046,0.0613729238725094
0.0343897502597674,27945.16378642301,0.0542406782783723
0.0262025621459463,27944.546810243373,0.0814279564472888
0.0273162458790314,27944.243846301382,0.0597363477311373
0.0332816825964392,27943.299671037857,0.067155205433066
0.0587952065233902,27941.91986159946,0.0643901301976268
0.0201505097600097,27941.67667586304,0.0656914507994183
0.0397707876955034,27941.3826200742,0.149988176318717
0.0415559676104994,27940.55943221008,0.06116539164098
0.1359434083948918,27940.010744486302,0.0792579810623011
0.0365869951818224,27937.221635246817,0.091046205493662
0.0532611145987531,27935.622922234405,0.084693871177776
0.030522935239286,27934.99005444709,0.0638460096543409
0.0525825246051752,27934.09417789429,0.0714697819182822
0.1109264016985883,27933.55895847763,0.0745483133222419
0.054418074912511,27932.787233036823,0.0833279423676427
0.0266583230095228,27930.769653122483,0.0647502316813121
0.0307859139526346,27930.404967600927,0.0852861806576328
0.0726849424892709,27929.20142982341,0.0697158470875339
0.0452244605539557,27927.50111717009,0.0731981242177221
0.1467337324737295,27926.954975617387,0.0783864148470174
0.0293426628312751,27926.05580740324,0.0633233439831155
0.0595563936933908,27922.695721389133,0.0850602433447039
0.0224048696967604,27921.98929142669,0.1499999999999999
0.0351693045527604,27920.797573626794,0.0796056716663942
0.0680122756361688,27920.2223034687,0.0726154515834461
0.0317078759580477,27919.98880861944,0.0700236242199621
0.0265149795166342,27917.073331152005,0.1499999999999789
0.0259828271584375,27915.9549155938,0.0557523736394155
0.0241316793643981,27914.23189771475,0.0934220737175882
0.0441697767902472,27913.925013085533,0.0726657573811666
0.0742748599232038,27913.371837844777,0.0670818687090496
0.032980621920153,27909.07154118917,0.0806927356355197
0.0409942885717863,27906.866009690457,0.0695887320396302
0.0729939920858189,27906.33849067529,0.0797361827462433
0.0225002895476185,27904.70522762954,0.1499999963509056
0.0289141415606527,27899.69523245867,0.0579381688553612
0.0900607880495619,27899.17128120736,0.076746355888902
0.0339979125036638,27894.97491829669,0.0662440969456348
0.0262085432885647,27889.77445124339,0.0995860470568638
0.0301956512720372,27889.06793325588,0.0633803018392014
0.0305040419457212,27887.710951935274,0.0609477855770049
0.0244993261858682,27884.919648903982,0.1138562835138884
0.0509487291647107,27884.42490199119,0.0621831734560429
0.0303806330090923,27877.346895965315,0.0663580208360092
0.0260398752679831,27876.79413485786,0.0587737226746188
0.0291832873647959,27875.458664531045,0.0547397011979541
0.03265304992478,27870.65402879763,0.0735216220446235
0.0514353064949082,27869.11329545681,0.0702206106905959
0.0276197102870205,27868.88314779511,0.0896609070026206
0.0327606375215289,27862.50147385546,0.0642456567312636
0.0250864984812103,27852.278806080296,0.089440149608612
0.1005441379457528,27848.711712792905,0.0771827833062033
0.2569834592893106,27842.12148958654,0.0744403315374499
0.1369556929334755,27836.439704163287,0.0727319543127893
0.0467546476176473,27828.41104759349,0.0883067030004644
0.0915943433692234,27813.89514076109,0.0667452979122572
0.1344744876253095,27807.56669608628,0.0697196754085005
0.0655909073586625,27801.62752256884,0.0666834576152292
0.0542120941126702,27701.579823095548,0.0665030214382416
0.1085055434319662,27697.06203413488,0.0756241441278581
0.0452810783969382,27695.69835671374,0.0757017051517903
0.0371329841866618,26930.39808540585,0.0656819749620188
0.0272343632801886,26927.198816977845,0.0808122937553734
0.0257028266931129,26923.72962170543,0.0549875412154342
0.0235894936924581,26915.467445239254,0.0560599007834054
0.0231915936493054,26899.60230698788,0.0589715686961713
0.059981900726615,26823.289734788355,0.0668949146533741
0.0639507274311257,26818.55644063094,0.0765141241647651
0.0764692395523386,26817.85388240062,0.0774433310230004
0.4854565429245646,26811.327941981308,0.0767482649205056
0.4055517612177465,26806.297468779183,0.0764304974946644
0.4040311136034256,26805.57772354597,0.0774747382545424
0.1199725199851852,26794.00904732792,0.0754214833580051
0.0280517470103043,26745.58572931197,0.0714275121436815
0.0354797295302542,26735.72597160274,0.0702302567107236
0.0994510470177045,26686.14294436588,0.0754563179594108
0.2047089653231559,26682.27018992933,0.076645505676392
0.0978815487667506,26680.065781951755,0.0733604144463816
0.0229170809097646,26549.34350898895,0.0968613084431347
0.9944707480668596,37939.8766611649,0.0858783629959206
0.8084288761402934,37940.033319062924,0.0663358978924305
1.7734044918875476,37940.32776547486,0.0772709990794604
1.7962193872156669,36607.6212539903,0.0811127213871895
1.7814608638184348,36607.78180890793,0.0798283117357109
0.3907290960253424,35448.49974492993,0.0780031061439661
0.4025597281095577,35448.66404959047,0.0768506223418881
0.6425925266448451,31368.533235096827,0.0777790942955322
1.537874058643987,31369.023050963664,0.0762408390198725
0.7408924764880999,31369.331524878024,0.0757565889286817
0.6284110383251915,31366.29286388106,0.0751328791056181
1.4407639289932528,31366.463307242408,0.0737951620628362
0.7608748889672177,31366.76853676384,0.0753827078484889
0.0269208602906775,26718.35267154996,0.0699556180284337
0.0620763772687783,26800.5721043736,0.0700141291055326
0.0706164248421888,26801.21164164026,0.0328168997437997
0.4670846228339366,26801.45235399935,0.0733036728645245
1.322080852310694,28051.86882136818,0.0768247552181986
0.4561588693704284,28052.44281567772,0.0656782357870577
0.6351710252422906,28052.560560934708,0.0744845343087354
1.1445563734284174,28054.73692101208,0.0778176536651098
0.6956563410562175,28055.12106683383,0.0738885004611189
0.5299688041825171,28055.348121300707,0.0784013697694396
0.6751451557987457,28057.43049756651,0.0643316899394773
1.022290353603191,28057.51922597167,0.082530692094472
0.7043909024171402,28058.06923111334,0.0768596587328495
0.2048467341466683,29985.299311752475,0.0745474612040047
0.1589937628026355,29985.41633097705,0.0672967048506169
1.4574814578183437,31363.723165821208,0.0733221089441888
0.454633468038674,31363.92345513553,0.0458361956904246
0.8407344890832381,31364.01454895151,0.0845664902685356
0.1516803425136251,35571.51299864145,0.06231905706071
1.977160108983988,35571.842210414914,0.0797857127443145
0.5883143707183597,37900.74081140023,0.0803342383799562
1.147944120895643,37901.02301726941,0.0787774464860763
0.7212386796998387,37924.3340064544,0.0714639843304124
1.2049881525847843,37924.61931881391,0.0704656024318436
0.9051396510197666,37924.75608034435,0.1012624991526417
0.9558279650853904,37979.77687980844,0.0721778493492101
1.4879403628545866,37980.07383907076,0.0728588138245372
0.7193388889300926,37980.19459084005,0.0986385783755024
0.2335412337946291,27986.357201937422,0.0910508798176308
0.2669420787758827,27986.482628016383,0.0666672687104674
0.0660197254808061,27986.79300063492,0.0432169216241285
0.3316529803315954,27987.02047322965,0.0747436455760797
0.0435251996624959,27987.361423104056,0.0548264750948955
0.0710436333820557,27987.755379452712,0.1380418747487611
0.0766238427668136,27990.50534214428,0.0683338223697157
0.1614904741785476,27990.904993713943,0.0661420228181358
0.1820725787788464,27991.00498954588,0.0795416544048643
0.3984217544039641,27991.61714091924,0.0745021616478589
0.1922486787033937,27991.9857444258,0.0690844539687236
0.1159649959271951,27992.19240401675,0.0356624856797783
0.3109169603885839,27992.33498973435,0.0817554485681123
0.0502650691942743,27993.274990147456,0.0673427847738295
0.0721814155971372,27993.542303625298,0.0554722802841134
0.2621625445145286,27993.68399413566,0.0972494489422692
0.0558895515267505,27994.12568478009,0.0710746576701394
0.0826105224233014,28001.504979182475,0.0543118024360469
0.267509620300924,28001.587168439022,0.0945000316891266
0.2393649164298231,28002.11050804579,0.0701001371682951
0.1764714468420357,28002.22503632509,0.0638283073491704
0.2605005101821412,28002.52972464444,0.0747534123882093
0.0945635655206144,28002.93158980204,0.1055755628976639
0.0619205464411955,28003.12313662097,0.0732875162805667
0.0333565668506005,28003.35481712998,0.0566115801550421
0.2257967169724992,28003.421077951363,0.1029862179515102
0.1188168327281903,28004.096620992965,0.0974452951954618
0.1619522302689351,28004.190089254607,0.0746387922385162
0.0478188899019678,28004.616286446115,0.0640755999916574
0.1016321404452575,28007.38917220899,0.0791695069533137
0.100184685860171,28007.617343708043,0.0650707501749326
0.0636776537154499,28014.50382721186,0.0796759631789188
0.3180508934784861,28014.85745174897,0.0737514714815904
0.1606575405639562,28015.21600614691,0.0555653128126574
0.504706321351057,28015.30319517401,0.0736534201907429
0.345223143169629,28015.86691890144,0.074924406129621
0.0489652939032883,28016.08412806789,0.0450573252601955
0.0370944582594842,31280.989049339907,0.087142820031148
0.0980836635968814,31281.41950682699,0.0421273003411674
0.2414378782185545,31281.62776471708,0.0606659024877292
0.324466311102024,31281.867707305468,0.0828054595538956
0.0520873262333393,31282.15000169177,0.0434557317182698
0.2509036410454799,31282.555250590773,0.0841060811484807
0.105346156658898,31291.633764357583,0.1198277383656563
0.1232214047189197,31291.959700556465,0.0975415217744012
0.2628692074174745,31292.068970350367,0.0721819419053948
0.0464440903845104,31292.47285431837,0.0579345748918341
0.5159274105366086,31292.93899122099,0.0723452294739221
0.1197339011551702,31292.62977963718,-0.0019838427846228
0.1611105587362175,31294.260186727213,0.0591201645447108
0.3812985509957438,31294.50806874552,0.0759778367425899
0.0537197207560271,31295.018184133703,0.1346613992853599
0.3427750049849057,31297.712941334023,0.0698501228855706
0.0858910383523275,31297.95199979432,0.0456320037657193
0.1235422430416253,31298.153988924656,0.045407568682835
0.5075709497892547,31298.38229138236,0.0714086109818864
0.6718280104266929,31298.68559859477,0.0881933541040628
0.2071638584126914,31298.84116703044,0.0490843683073518
0.1203124030388368,31299.043528233306,0.0458440690746014
0.1552322941290907,31313.318054858475,0.0766589878663262
0.3642765213858582,31313.65544716746,0.0773773217924798
0.5299008800123756,31313.765512977938,0.0723765973463652
0.2876806789728697,31314.05279162816,0.086273473825303
0.1508434617348531,31314.73349409185,0.0804530349888476
0.4670398583975302,31322.71074602488,0.0895227462321329
0.7468157343050483,31323.1944923937,0.0794944684538524
0.4730370492111064,31323.4892130947,0.0775354783813079
0.0685852851350204,31325.02695665085,0.0653473662512946
0.0336018278205976,31325.70178978368,0.083800724549703
0.0342326022806874,27845.078083823417,0.0622518498759134
0.0272725181635248,27845.59200471277,0.0615871135025306
0.0493501006028311,27853.25160682091,0.0782262524997942
0.0324747866517923,27853.71695074234,0.0662543341802162
0.042010983707543,27861.25992893997,0.0648386525045688
0.021992723305062,27861.72331963784,0.0561126226757357
0.02523563770285,27865.005190043936,0.0504241484343129
0.0264292478063409,27865.28081808168,0.0588395983583348
0.0254009693781762,27866.228833080702,0.0712004667164276
0.0216811907242054,27866.60924138178,0.0641683401595813
0.0145168068268782,27866.06067719639,0.0736680823509916
0.0198601512385128,27869.632161706777,0.0601676209895145
0.0308818329821598,27872.34029076126,0.0577426355629962
0.0311611259096581,27872.683642323507,0.0624680782622187
0.0358735360126926,27872.954627521296,0.0639102431327683
0.0283539607986241,27873.97784541588,0.0537955857964699
0.0245146490567524,27874.20587378038,0.0519439785208597
0.0333807957511006,27879.494795672763,0.0592793842073361
0.0251148112097189,27880.293124129454,0.062427468827488
0.0264921094658183,27880.67717060449,0.06675570235287
0.0189775565499277,27880.090940607868,0.08048613811134
0.0208024911262513,27879.74194327458,0.0464883142059487
0.0151180216524724,27880.86974031955,0.0683184404680612
0.0669304183032757,27891.875485052955,0.0733741910897641
0.0265489750437717,27892.339440554497,0.0877859599059416
0.0294871896526794,27901.305684016268,0.0767875401186419
0.0279711849115029,27902.122024628938,0.0638173798427403
0.0797893095570932,28005.314635964125,0.0901362481387726
0.2204732300587853,28005.62098049316,0.0740217720221369
0.0981983170501134,28005.87240355749,0.085870030439587
0.535974176096266,28006.205831521,0.0840135066593981
0.2603862375388713,28006.295356025992,0.0627117904568538
0.3177914965156531,28006.829736792613,0.0796137704762652
0.0256821091963479,31086.300214319643,0.1074640363493942
0.0193306495223051,31091.94614115652,0.0511749519734365
0.022844219011787,31088.3804376881,0.0546002796161171
0.0411863689902571,31105.52861617982,0.0651440385724084
0.0251875815398714,31105.742255536665,0.0668468218819584
0.0385504086668772,31114.894163279383,0.0702195627711133
0.0261059741577712,31115.141088327186,0.0744408825378274
0.0318499727917684,31129.063894290604,0.0659899171187362
0.0350797512263465,31128.260822583903,0.0575042823483478
0.0290387845533325,31130.97991246121,0.0850144509648842
0.0377965983723676,31133.17168393807,0.0725681549868671
0.0408221825184767,31133.43571139104,0.0618206624052684
0.0611935496347589,31142.10044811888,0.0702310278434871
0.0280121521400916,31142.432854828367,0.1297625331654211
0.0398358486165023,31143.2640011508,0.0729620998053295
0.0167895991363153,31137.92586380404,0.0471558713142128
0.1275481946413732,31293.14694647988,0.0280420321394254
0.2140959011708068,31293.33691923614,0.060103001071567
0.2784486032514551,31293.55619559332,0.0808517312542796
0.0874979382791078,31293.780520372253,0.0474715805386855
0.0237819598076839,32017.85928945871,0.0682297701524424
0.0430857925379015,34347.22393321879,0.1106526669726584
0.0200185267306796,34346.99500040619,0.0592807520128382
0.0200093218138172,34347.49476207801,0.043320724372784
0.031446758982548,34358.07651576122,0.0988845666928793
0.0437724264298813,34397.94506444023,0.0786960693558924
0.0314517797879395,34398.72768794231,0.0886738794281578
0.0314768844535878,34399.557218995615,0.0526689937251385
0.0356085800393285,34409.54265668025,0.0662360925892579
0.034852880506452,34418.46814266095,0.106128759204215
0.0452260836158273,34418.6950252742,0.1129873084363705
0.0454839970997735,34419.32328885909,0.0462491503894972
1.1318346185079995,34623.36865667302,0.098537172964317
1.569576435727278,34623.47713611149,0.0739876462123306
0.0607947256133997,34623.99669439138,0.0552033079659468
2.673721175373035,34674.10084032138,0.0774281821921503
0.8740225110090057,34673.94272274909,0.0831420014129742
0.0340156039916641,36325.49070594979,0.0519355888046401
0.0637752366252176,36325.70323353944,0.0716341671078372
0.0192445955279133,36330.91159020174,0.169898875443245
0.0479354237546976,37614.64288934107,0.0561257243115825
0.0501396270897489,37614.81246113536,0.0615197188202717
0.0362276375824955,37646.23831097346,0.1030920698214962
0.0302311489176299,37646.557366180285,0.0595260144495335
0.0362142841461742,37650.22902246652,0.0747620212662788
0.0463510805850225,37650.41477594756,0.0581192546311877
0.0406676023964837,37657.21155797789,0.042477810602951
0.0452507613611391,37657.61252933275,0.066743092211064
0.0891150265520057,37661.924562861466,0.0709077623192582
0.030723391784042,37661.67075806795,0.0413442551919232
0.0583027226017258,37678.97262905906,0.0787120764415554
0.0961138185255066,37679.35830169709,0.06968237706087
0.0452441173865443,37679.9720278218,0.0559630036585508
0.0903738420172605,37684.34999166589,0.0659146680909875
0.0477319318716419,37684.09804924698,0.0480928321861225
0.0392281162735423,37690.90986321853,0.1025687341412283
0.0612652022736241,37691.24318319016,0.0643491065034514
0.1042843229275301,37695.26933137149,0.071466156674134
0.0555118495614711,37695.01723877037,0.0525403857036492
0.140325520638312,37706.0159267594,0.0770645134536279
0.0407043895067588,37705.70272754532,0.0556287646728396
0.052279992198517,37712.078809624254,0.0590484023367929
0.1409724809002416,37716.57295931516,0.0718268659220038
0.055916255149467,37716.311514682784,0.0434035272374105
0.2188560382755639,37721.97299815101,0.0736269815143095
0.0544225430448475,37722.339480204944,0.1008402593516775
0.0309667204761483,38241.54242037244,0.0485357579322027
0.0332859397489689,38241.33046929606,0.0889332060287471
0.0380146448023898,38241.02457792526,0.0426637623067379
0.0306202079511693,38240.76429023282,0.0444653165283289
0.0303472340315683,38240.60510575897,0.0467320106858758
0.011296860085914,38240.22332756682,-0.0065525265145877
0.025153627682517,38240.05234870147,0.0428100970725023
0.0136116532346221,38239.61807825081,-0.0180065616437985
0.0252876658552888,38239.36757131461,0.0753924220904143
0.0229144935626181,38239.149676626366,0.0670991182297095
0.0245154532313319,38238.90646673151,0.0533304377519699
0.0348288827227343,38247.38110527694,0.0826556111300495
0.0214583541196546,38247.168664776735,0.0457892154228006
1.9546941485211025,38870.48270617397,0.0774025616761364
3.680913028992978,38874.492054942624,0.0793015271084224
0.0383251160734009,39822.7515875668,0.064833264923712
0.1639341623886038,27997.956706394183,0.0726392666138141
0.0753154397813066,27998.24485834853,0.0679518418861414
0.344545686415717,27998.556466108454,0.0837930275562305
0.1475849449171622,27998.91587434717,0.0695745481179454
0.2592343700228397,37886.05597862532,0.0585889974524867
0.7964279179527163,37886.33117286441,0.0744306863515811
0.3974730467488672,37887.63508355997,0.0905002054723523
0.2719331518020116,37887.79609607415,0.0534625447119109
0.8172656390594739,37888.06413355088,0.0785338481817799
0.1798026664672659,37888.416833481126,0.0736704963424626
0.3149189052322903,37883.40336195601,0.0902563614393269
0.3622948755820472,37883.52707690655,0.0667485681907992
0.0643946651256897,37883.72649805315,0.0331481817480095
0.1200327502747447,37884.80136581129,0.0329851905036678
0.4080003408225439,37884.99632686398,0.067997438003347
0.1952711054180129,37872.727415572364,0.077332399373476
0.0985819667673552,37873.08524998238,0.047492131601723
0.4162879846038221,37873.3679411772,0.0771682311105887
0.7453984773701446,34585.45431183684,0.0797056245080876
0.2482311730061488,34585.11783209981,0.0680613482610576
0.3788948823498163,34585.00217069082,0.095931540974491
0.0942624323254585,34584.649822442625,0.0643036580074432
0.2763156327212038,34582.303465670804,0.0617151307822047
0.5195138187282208,34582.38806303354,0.0836513427141598
0.4984527701385869,34569.320960304954,0.0764175155217161
0.0739218746720392,34569.05810282996,0.0352962871752198
0.0524030325691333,34568.84966024798,0.058401162849239
0.0758218396157135,37832.984890495725,0.0761040139516846
0.0915635398796654,37833.39842961784,0.0715794005815928
0.0569192338369365,37833.739576743166,0.071188529384252
0.0586660124789963,37834.178262714464,0.0628379531921554
0.0723556203364188,37834.71527219013,0.0981256119005167
0.4010627223057367,34535.696595269146,0.0773987071982188
0.1945598925849955,34535.8270975889,0.1036166242553254
0.0306159718729319,31301.72021621069,0.0374743688124707
0.0652694752417936,31301.88063373721,0.0747529002692391
0.0957257878676963,31302.237333096396,0.0806821497449763
0.0969642569999899,31302.51207442153,0.0752937680982487
0.148984531872388,31270.935627300365,0.0627381793445799
0.1057053015907187,31270.78271364456,0.0763898961183714
0.1549758039625054,31265.615716832825,0.0721481899038099
0.0321574414386607,31265.87157862905,0.0406012463504934
0.0605585932210913,31246.67738493344,0.0687305686875262
0.0250816018155461,31246.914418370096,0.1548281491255234
0.0865332844690811,31247.23974792996,0.0748746426613471
0.076680099355001,31247.832122388558,0.0789745652692151
0.126825134951076,31248.16067112216,0.0739710475265468
0.0894020497761341,31248.546845676658,0.0795329809398208
0.0191067965692521,30014.605955031788,0.0965554316983984
0.7632887715355775,34583.8442490108,0.07104742317906211
0.2275237126484253,34584.01582223963,0.055090961325444394
0.16410496134995886,37878.20566209021,0.08560739139009585
0.24429536790901804,37878.39131116103,0.08090614519223237
0.09692369049113608,37878.53179071905,0.04079144372555436
0.47459539255945893,37878.78275143821,0.07261968674115565
