,A,$x_0$,w,assigned
0,0.03287588258428335,39970.00997875596,0.05028756955584999,False
1,0.04878483496114823,39958.72026519671,0.051064919720286366,False
2,0.04412117033305854,39958.54012987438,0.07537811993621579,False
3,0.034126344100051886,39955.992594708536,0.09811138325451582,False
4,0.04548074085200618,39955.837979760334,0.04741600790712145,False
5,0.06348690080458497,39930.0066261295,0.07165613226265542,False
6,0.03027245705210264,39879.72705605285,0.14999977201866527,False
7,7.403649637719028,39869.793695959524,0.10629610222905474,False
8,7.368613307970915,39869.62642598693,0.13439087005231537,False
9,0.02823636361578635,39859.82243548308,0.06582943573711193,False
10,0.03213513605743726,39859.59946108552,0.0734825639699359,False
11,0.031239003447885366,39858.98322404365,0.08681877002585196,False
12,0.045061711985047624,39840.41706871397,0.061067008781365444,False
13,0.06878035222293556,39840.17792344677,0.1325481936064571,False
14,0.02771330447567372,39829.98992089924,0.04558022857347838,False
15,0.0393675405985692,39810.004404568,0.04835217051830381,False
16,0.5145945451084798,39772.87926989184,0.10155806743564397,False
17,1.0674856475061225,39768.82345925053,0.10287746257660085,False
18,0.514566250145248,39766.8718145079,0.10388497819340611,False
19,0.051756312777151946,39638.575803836626,0.09802030089892365,False
20,0.09947993134698707,39633.53091388863,0.10850734267552091,False
21,0.04414247249281766,39633.04279866213,0.11361473725221656,False
22,0.030781833179642424,39274.77553953685,0.08560629779647068,False
23,0.028153448612042564,39203.701893368845,0.08244277751713718,False
25,0.09873171271024839,39114.16558231666,0.08127131669349782,False
26,0.1081548599614658,39113.925875728826,0.09556671258456415,False
28,0.08012451281501855,39082.23678186953,0.0884173706928166,False
29,0.08863342145103906,39082.00416410116,0.10291173435147558,False
30,0.15304467998693846,39039.99639085189,0.071389103563181,False
31,0.029235537062034418,38964.479143207165,0.07970509740561182,False
32,0.027112621429633825,38934.50230062601,0.06558438469710151,False
33,0.04444454194017426,38901.96023291254,0.08762317696023221,False
45,0.15279507550123234,38866.70097158809,0.09116247914730809,False
46,0.16209100220092332,38866.504656991914,0.05203496701446651,False
47,0.15277307083370698,38866.353837301074,0.07237941988207004,False
48,0.12201986664808226,38864.476272748514,0.09186283967556257,False
49,0.05752057838437977,38860.46407814088,0.08381356268349871,False
50,0.06023788516831727,38857.38218800992,0.06352800848998295,False
51,0.05608041778839964,38857.214843926624,0.0564323281235353,False
52,0.02510198561021408,38843.871060077785,0.1140666846088105,False
53,0.11863010153526576,38842.25016286987,0.10410413767709215,False
54,0.024244887315989394,38815.99431710758,0.11268178196526946,False
55,0.02688865533323554,38814.48341419072,0.07938032508656642,False
56,0.0645737563760639,38811.77488184733,0.11327424248382896,False
57,0.024201326555147507,38810.51809081612,0.13493545113935346,False
58,0.03385187029401326,38794.446147412964,0.054837241676609166,False
61,0.03737766745231836,38784.510014384134,0.09555676556586302,False
67,1.386011938218121,38727.90294280863,0.09934060734034557,False
70,1.0383461984728652,38715.64720939273,0.09824110013684409,False
71,0.11154715175961681,38701.89264418496,0.08836568347039213,False
72,0.2236544861311486,38699.870011318264,0.09581409440045068,False
73,0.12174775157355638,38695.89167181539,0.08912199561143937,False
74,0.025507116717603792,38676.30369635325,0.05698145844194707,False
75,0.38462335254381114,38628.54422139044,0.10659978689094764,False
76,0.7519673008720137,38624.05849835499,0.10616617777369335,False
77,0.3607562670682353,38622.680063258165,0.10430876558032177,False
78,0.025638835058238975,38510.34500559305,0.06766454373227843,False
79,0.0466592708858909,38508.40166842063,0.0692792963201559,False
80,0.1084671550246855,38486.3162948722,0.08400869825196204,False
81,0.21459744283490073,38484.269802949806,0.0940529275824907,False
82,0.1044814571411996,38480.252896688864,0.08712291421585167,False
83,0.01907014750530085,38429.33332558764,0.07969542364294344,False
84,0.042374354531356635,38376.56716229878,0.06388408735547008,False
85,0.036814422478734045,38374.21435946802,0.09181979370855463,False
86,0.14697831802250197,38247.215884418154,0.14394142491032583,False
87,0.0295750431274854,38241.6870544395,0.04969126911276972,False
88,0.09531461398837374,38241.505553341194,0.05545648241826578,False
89,0.2399079530864272,38241.25932333716,0.07551743099204802,False
90,0.12204648356242462,38241.07915649402,0.14999999996021732,False
91,0.09606068791616358,38240.74858405235,0.07447214408142162,False
92,0.08446134928496599,38240.54105887972,0.06705003707468686,False
93,0.07379167143526791,38240.225706585625,0.07944698328200386,False
94,0.04853125774957841,38239.9978742734,0.05568978190708861,False
95,0.019176013944745402,38239.55829502173,0.14999869642086816,False
96,0.25509407513798815,38235.83290967081,0.0971704730984507,False
97,0.23342255229763348,38200.430356802164,0.09353902949565107,False
98,0.40187535566063853,38198.43082841236,0.09706988953874414,False
99,0.25133209873872875,38194.5513750641,0.0928611103621069,False
100,0.03001369882589947,37991.11340458476,0.08080641863221741,False
101,0.02735353246683022,37990.37191236057,0.07256502596233387,False
102,0.5233926314089422,37988.20283843187,0.11050039988805849,False
103,0.2784206284008654,37987.87180422981,0.0813428657973166,False
104,0.7496325295524767,37985.67721083624,0.11793834616594025,False
105,0.35873756251686073,37985.34065221656,0.08364857545483144,False
106,0.8232546402469647,37982.930182999,0.13139433059179506,False
107,0.27759514396714496,37982.59877148414,0.08491101525914437,False
108,0.24383606526871596,37980.23996582032,0.10347496959674547,False
109,0.7588647308301631,37980.025594769475,0.11048750498884298,False
110,0.4087235221527664,37979.70560275525,0.08249808615816258,False
111,0.26502956995156185,37977.60894781393,0.06529317473914968,False
112,0.3925408523132556,37977.44670007892,0.07815541943422395,False
113,0.6089778657747222,37977.03036422831,0.06971829557991156,False
114,0.7472637894835662,37976.87133012101,0.059910578439710864,False
115,0.3963568266575477,37976.61822627117,0.10178883250527243,False
116,0.030132161365487936,37974.87677343157,0.040000001263356635,False
117,0.2991499498868281,37974.698025746584,0.06260956276447249,False
118,0.407910187679264,37974.53948409881,0.06781822170307024,False
119,0.23637176707828883,37973.75395103468,0.04238846461224982,False
120,0.5768481966245996,37973.56320644518,0.14999999999422212,False
121,0.3536830974536884,37973.32254535349,0.10336817344863641,False
122,0.2576238318816195,37971.61031115204,0.06531136921845171,False
123,0.3533392700332846,37971.44238513394,0.06657148733885289,False
124,0.45209529310187163,37970.25014606567,0.06225191253366898,False
125,0.6554867214566497,37970.08165010275,0.06636910388841065,False
126,0.32259686023913253,37969.81792155279,0.09418701508370682,False
127,0.2691164850770542,37968.3237497062,0.05975042595207927,False
128,0.3473017912175021,37968.15493274827,0.06644935608118628,False
129,0.5136188859493441,37966.43407174166,0.13886956940704573,False
130,0.26582036266944314,37966.09502433489,0.06381427332165283,False
131,0.2939697417010356,37964.73270374971,0.12335917380151604,False
132,0.35048718861030426,37962.69206628096,0.05568769238994642,False
133,0.4935664785172916,37962.508344196445,0.06868516185757287,False
134,0.24217943881271856,37962.242251825155,0.08873843343471652,False
135,0.21904150639844236,37961.17603528231,0.06614653120307264,False
136,0.2899547674189186,37960.995345500785,0.05842165305078034,False
137,0.27062255363923715,37958.624144278154,0.05375398922540734,False
138,0.44450254438186815,37958.43844538878,0.07201091740160914,False
139,0.2009994766659036,37958.164122521186,0.08540217515449139,False
140,0.22393312151728,37957.19384115326,0.12340568997968009,False
141,0.25418596016858974,37954.35778289931,0.05605829290244357,False
142,0.39774068036364696,37954.16791638338,0.06765758023642218,False
143,0.17941109812075995,37953.90097986082,0.08601374632364218,False
144,0.13158933436944517,37953.25578483495,0.06346664470893783,False
145,0.22119848017087895,37953.07614714833,0.06424516322425512,False
146,0.1398404293643504,37949.90602238713,0.04000000026423822,False
147,0.26939553745015177,37949.68700538064,0.1499999998865668,False
148,0.15851612980609858,37949.4548292832,0.11663767822619313,False
149,0.1247240117439705,37949.00785464009,0.06450974014449061,False
150,0.20365264478785255,37948.8245144626,0.060936431434073283,False
151,0.2065608726555845,37945.233345699584,0.06313544247484905,False
152,0.31938742695582134,37945.05136533708,0.07140979697716003,False
153,0.12546729683894864,37944.795217430445,0.14996078101596183,False
154,0.11556637924467772,37944.553155055975,0.06494512649939874,False
155,0.1847481566204707,37944.3909559431,0.06864665139008212,False
156,0.18224483761227211,37940.387351004436,0.06702438504251054,False
157,0.258568594142563,37940.207709491355,0.0925964284785801,False
158,0.1347387451205084,37939.81204699102,0.12256814661161981,False
159,0.1563687101299001,37935.34192144267,0.07052291168680165,False
160,0.295285763653643,37935.157440001894,0.08455104364894704,False
161,0.19073813148388982,37934.91040706695,0.07685756326680111,False
162,0.15729823118109354,37930.127188563,0.06457058403519675,False
163,0.26567826611709394,37929.91569679354,0.08370385806058084,False
164,0.10733650658349853,37929.65579234595,0.06199825638292677,False
165,0.05850292558694288,37924.80716597965,0.11289141654470394,False
166,0.1837014687968671,37924.52214290957,0.08948985841785186,False
167,0.09565516504744762,37924.236184913236,0.06440080336517724,False
168,0.06730079078529709,37919.46492578617,0.048482191428626926,False
169,0.0894165047959056,37919.29372266725,0.05467343234178807,False
170,0.1119861560934031,37919.0607129968,0.07543738632676106,False
171,0.16443460669405122,37918.89303317898,0.0815580205550223,False
172,0.07683976122797673,37918.62602083648,0.07401387719134361,False
173,0.024562853826294872,37915.408095645114,0.05549866064140869,False
174,0.022167677018877164,37914.351067486634,0.11245048336906814,False
175,0.0650550665369011,37913.879911821554,0.05089546300330931,False
176,0.08393451860044049,37913.674492089616,0.06127630103580095,False
177,0.13269163166640782,37913.276952677,0.06326848557138458,False
178,0.18432054633868766,37913.09324593173,0.06924357361971323,False
179,0.06435542895996765,37912.82206479761,0.11447709805531764,False
180,0.027500173639700143,37911.823316886694,0.05121941792975588,False
181,0.03190992894676872,37909.235066631634,0.05732927302107582,False
182,0.024101429613446936,37909.044334284576,0.045216561972023395,False
183,0.05003611694742566,37908.08827514058,0.04995285487516248,False
184,0.06302605670402223,37907.90118520618,0.04822208507697967,False
185,0.02345760535841697,37907.7233882825,0.04000430248793777,False
186,0.10200821497080675,37907.28475394404,0.052439053475251504,False
187,0.13230259512080975,37907.07392177848,0.07022941221913291,False
188,0.056580865775080466,37906.81689333409,0.06710810663640543,False
189,0.026149021136388933,37904.29896409246,0.04624086605224863,False
190,0.040535162460787935,37902.03867187501,0.14646312184933155,False
191,0.059650770653188294,37901.90047414231,0.04452572006330818,False
192,0.09151272433390364,37901.08271039138,0.07173776062301249,False
193,0.11357020386529117,37900.89540555021,0.06547315712144496,False
194,0.0561748888762888,37900.634388454615,0.06842153255880082,False
195,0.038455121595257734,37895.94752937605,0.05381937451126592,False
196,0.04969099447588016,37895.74537940232,0.056193737813802935,False
197,0.056214647257439215,37894.70661513686,0.04316052932770059,False
198,0.10402539484880993,37894.49867569178,0.08711895275485868,False
199,0.060641705032622915,37894.23393142948,0.05081385292383527,False
200,0.020166507755545238,37892.327615520764,0.14999999067993422,False
201,0.03821898172706489,37891.942067440716,0.040000001497119284,False
202,0.025487142992148142,37891.17117582096,0.1499518765500922,False
203,0.04901118308212679,37890.94209534308,0.04440197781664208,False
204,0.05723536525065231,37890.07313479427,0.05506154802309559,False
205,0.05486553588770439,37889.87558001716,0.06292513949116924,False
206,0.046026214213087606,37889.395806170425,0.05547816973119793,False
207,0.05123692036691576,37888.72280786206,0.05466306717063339,False
208,0.07309719353501459,37888.12518391676,0.047384222329569674,False
209,0.07963711622404047,37887.93651418313,0.061585879567980444,False
210,0.051557196970704294,37887.49066960309,0.05460812057070675,False
211,0.05101298734421011,37886.40886922907,0.052353741025459685,False
212,0.08939048467578879,37886.200818161014,0.06993912610145026,False
213,0.03438709774539555,37885.0597045019,0.0501111488772631,False
214,0.05725865277962048,37884.874875505564,0.04251655156868554,False
215,0.03504546519643494,37883.58158500351,0.0400093690631175,False
216,0.03058988222071049,37883.35487915516,0.081843263070233,False
217,0.024017527881587827,37883.008013880855,0.04438440725367879,False
218,0.03397956720741586,37882.839714212845,0.05663014435819199,False
219,0.03897006590369184,37882.086229541004,0.043569220874479266,False
220,0.055453349570654814,37881.89220221822,0.055974142306236936,False
221,0.044065449661931,37881.37519264321,0.04613039476352964,False
222,0.06827306894366762,37881.164172854165,0.08476844148742446,False
223,0.033630014258030375,37880.88814901706,0.0476355664628016,False
224,0.031089312499533374,37880.34324557205,0.14999999852557191,False
225,0.043590993592250826,37878.66896629569,0.061210027328324174,False
226,0.029939447771252976,37877.12648426687,0.04000213964201223,False
227,0.04248176811799062,37876.93385934282,0.05642866290420859,False
228,0.019523323299531384,37876.26275831063,0.14999945742287762,False
229,0.03745730419497725,37875.148295415995,0.07133728883613681,False
230,0.044352139001448965,37874.404804969985,0.043870729030332734,False
231,0.06933699291264958,37874.20341204224,0.08391575575596669,False
232,0.0403992178179678,37873.23191250443,0.059920939335143156,False
233,0.029505456350251688,37871.28185225267,0.05736105449285206,False
234,0.03338397608692368,37869.30500683313,0.04327010516162034,False
235,0.0468058446710025,37867.23014149763,0.04084470365048333,False
236,0.04850432291592802,37867.021198409835,0.06440806334769507,False
237,0.025921591523466403,37864.99532708426,0.04699853311055058,False
238,0.024688629782984476,37862.042458838834,0.04369851095262529,False
239,0.049528003355594735,37859.71488714515,0.07464875219536175,False
240,0.03245408529626792,37852.38053568239,0.0686196680769526,False
241,0.045435925623876036,37852.17545876818,0.05759439430100541,False
242,0.04320054623009142,37844.45383297643,0.062214678349314455,False
243,0.02278062401441967,37836.752254449006,0.04712568146915788,False
244,0.027193147070632154,37836.560256383644,0.0762106236023767,False
245,0.01860513776075011,37828.38847697075,0.13308673793680403,False
246,0.024562212489268577,37811.673775516814,0.09628555794442295,False
248,0.028330379580665786,37765.17082252188,0.05923621338319626,False
249,0.03215151121996728,37765.009706513585,0.0583702221598674,False
250,2.876661937626617,37750.50658443713,0.09515243674387482,False
251,0.019466542253478124,37748.01554117378,0.14999999733656488,False
252,0.02239216139523854,37747.784505911455,0.04406327468684717,False
255,5.084553662313605,37738.239387281006,0.09552446473491455,False
256,0.023516048735702837,37737.06832756959,0.0994920275405342,False
262,0.035583479602639544,37722.053428975,0.05631214140359024,False
263,0.04561760466228802,37721.86529161548,0.06483191889022813,False
268,0.05531221861940159,37718.994679746465,0.07170547238857683,False
269,0.0473091475349189,37716.532430901636,0.09602012013062557,False
270,0.026886754460096335,37715.6661029098,0.05966800088050074,False
276,0.06776589641669448,37705.906447221285,0.08213614517178695,False
277,0.03486091063805873,37701.83572020785,0.08745466861212467,False
278,0.10240909666748223,37700.52417968311,0.08790976033504432,False
279,0.03772502943540193,37693.67747205619,0.09480463823301857,False
280,0.04421467013246869,37673.51580094523,0.11132333353738381,False
281,0.026494952492241333,37673.27838523298,0.04865243714211007,False
282,0.03922281966386278,37669.43051862236,0.047257145568345746,False
283,0.03362367844026024,37669.25617198375,0.059548279433050695,False
284,0.02283644779691313,37616.74848254229,0.08845092285534219,False
285,1.4228515057188478,37612.6576172328,0.10058015591431266,False
286,2.7154479389793265,37608.82034000696,0.10099910168493019,False
287,1.4929836043598552,37606.59418165913,0.10100745285891476,False
288,0.029522543034974664,37571.37550987694,0.11039274958186236,False
289,0.030811192890019278,37570.86249852706,0.07935913679619509,False
290,0.08738867851400196,37533.26396439865,0.09042049272458111,False
291,0.07277686095975303,37531.933531889954,0.09087480519853909,False
292,0.13049585656282336,37481.47927678102,0.10373258470782501,False
293,0.2591271224696977,37476.615930552754,0.10699357307275871,False
294,0.11191921696198102,37475.810009493995,0.10554191309527886,False
295,0.05771846289716738,37381.071600153125,0.07664574063966609,False
296,0.06831593526391538,37378.331177642314,0.08992516481004861,False
297,0.029321781280581515,37226.0058223477,0.08825424359900047,False
298,0.10713355656250215,37220.13428813493,0.09315154838217451,False
299,0.05276342673109572,37213.8803166865,0.10003711069823994,False
300,0.06533932417548614,37201.88344051636,0.08663057023122811,False
301,0.08745072327157262,37196.56779192029,0.10776079497119845,False
302,0.022297535952670963,37189.73783172966,0.0906878108652149,False
303,0.08165639015099634,37128.045057564435,0.08904420197817924,False
304,0.0613925281408443,37124.32753295719,0.09148270810089168,False
305,0.142865717272951,37064.855165728055,0.0915467612387746,False
306,0.14508409296431268,37064.425771754395,0.09648465329235263,False
307,0.09093618599388663,37026.81324839581,0.0815748049525393,False
308,0.08975582400025059,37025.40581526759,0.08394141067623867,False
309,0.024744690435138054,36785.20111823363,0.07176999485089094,False
310,0.02170623885392356,36783.602648990214,0.0678366010069236,False
311,0.12047758335445655,36658.104784948686,0.08815074253702647,False
312,0.019624140924569624,36624.12927610559,0.10201427941662175,False
313,0.04830367563552889,36617.66847021646,0.10988064620372681,False
323,0.022481705299382947,36545.55094703745,0.0659150602564077,False
324,0.026224702743086453,36517.66848146351,0.12791744853489737,False
325,0.021010262374527498,36474.602333546754,0.08062102655022442,False
331,0.022697311470991365,36448.594063001896,0.055915174730821686,False
332,0.02376216404205454,36448.35377579722,0.06066405657201785,False
333,0.021569741819081313,36419.03128388743,0.07035265574305906,False
334,0.02092270284662877,36330.85436063232,0.09761101282217984,False
335,0.04820478984424344,36325.592185710484,0.11569869676294,False
336,0.15409123726788518,36170.84631838495,0.10003215221464921,False
337,0.11690772313101953,35949.27419171873,0.10108950681843383,False
338,0.40076463207404445,35839.99000879206,0.0744295257079705,False
339,0.07623170296610884,35733.748966892395,0.1371301754630603,False
340,0.022392625593458143,35588.53433331957,0.05223232858895641,False
341,0.0243616949929101,35588.361435629085,0.05316427139811866,False
342,0.0312565345482539,35584.13567264147,0.08956874912297669,False
343,0.05940488269747165,35581.81349355569,0.09415985044407943,False
344,0.03497399340067704,35578.058163602764,0.06881924791667408,False
357,0.07602079893356656,35564.89991441746,0.08182563991496541,False
358,0.028997296175128775,35564.13479836334,0.07134781751563542,False
359,0.13678317376797022,35562.580022539216,0.09493130273594722,False
360,0.0629643312366737,35561.813602302034,0.08884651728243728,False
361,0.01913390110697216,35561.20241416649,0.04292360143286524,False
362,0.03875369763299814,35561.01382966976,0.054021473858680606,False
363,0.07382540030776581,35558.806603842495,0.08324787531900114,False
364,0.03060385086887108,35558.0453756491,0.08826802162704024,False
365,0.055981815697452204,35546.11065511447,0.10619325774723735,False
366,0.01847482769397548,35530.83587769598,0.08607677009474024,False
367,0.024371120384129717,35511.352948491156,0.09998990709409002,False
368,0.017449378159189115,35508.8300601252,0.09021099930545862,False
382,0.11372912746446473,35323.60663617187,0.10017756772366694,False
383,0.2188567170193419,35318.916168552074,0.10454243569213527,False
384,0.11681315365922704,35317.8211449505,0.10040901740528517,False
385,0.0805867235829811,35283.09492227587,0.0893808756274311,False
386,0.15659787521951654,35280.78494868387,0.09171327805310946,False
387,0.07704415156198771,35277.04498556556,0.08449198168925297,False
388,0.014411797764365736,35234.42084886707,0.07979856300169066,False
389,0.06440682311711304,35178.29504581025,0.08444423454021946,False
390,0.05967619411170839,35176.907978413765,0.08937428198535256,False
391,0.06688459074339588,35175.125584634116,0.0867901329500804,False
392,0.06137009032355521,35172.316891646886,0.07784785148969466,False
393,0.1160054812585928,35032.428823855014,0.11404807275540041,False
394,0.14694811617026968,35029.44770352566,0.0900564918260517,False
395,0.13996929860712548,35026.00644564006,0.09095065163126519,False
396,0.11127593360591108,35024.407882160776,0.11190283717217453,False
397,0.9226618487845386,34683.63158635839,0.10968231547710254,False
398,0.01743085766931213,34681.87691186084,0.052406046574518056,False
399,1.184002282378245,34681.50337340568,0.11409005298532794,False
400,0.02119237931529605,34679.60681485633,0.050995143006511166,False
401,1.3464096950087516,34679.1975396554,0.11640457803017613,False
402,0.27246783517513734,34678.307589553835,0.11049018305339324,False
403,1.0150046203311327,34676.80118898167,0.07001546230124805,False
404,1.1744624866745377,34676.64023793337,0.0637626840686934,False
405,0.4497742640048098,34676.190112200435,0.11455440859464887,False
406,1.2990281343254073,34674.022232950694,0.13844510604894764,False
407,1.2390967196672578,34671.31045321431,0.11694050493399986,False
408,0.782384733026539,34671.12734202743,0.048783828462171025,False
409,0.3388538016195441,34668.85512676875,0.07038681829048073,False
410,0.4208508019018759,34668.693712087195,0.057963501999803234,False
411,0.765140738094215,34668.3092922534,0.06060452328589696,False
412,1.0251382697427645,34668.13467040102,0.06288640313611871,False
413,0.04936617267748294,34667.92523286441,0.04001640139472263,False
414,0.35858844597641304,34665.94308706431,0.12423737389222543,False
415,0.6994221600278742,34665.12298968667,0.05998235326171703,False
416,0.9455677811349759,34664.94532082197,0.06305553989411508,False
417,0.2603037507771024,34663.042371721625,0.06402991287149669,False
418,0.3491527597798178,34662.87124628717,0.06299121399865855,False
419,0.569090374210107,34661.76005972165,0.061244425669359434,False
420,0.8121182193709781,34661.579635820264,0.06168555906641248,False
421,0.0366283979709836,34661.38215129284,0.04088977579051225,False
422,0.23742530620783317,34659.8732225453,0.057585885890662256,False
423,0.32777927751709063,34659.69218797918,0.06260866239347897,False
424,0.5042887053329518,34658.21097833445,0.06378096814147526,False
425,0.7364870469357074,34658.04217669427,0.06656268732602615,False
426,0.20596849445944193,34656.510531399246,0.06283225123872552,False
427,0.2518005235131148,34656.35301310331,0.07678549808428194,False
428,0.028106171423817758,34654.69731316323,0.0839543802963247,False
429,0.4418353738903712,34654.489676224526,0.06128826586423927,False
430,0.624524749491099,34654.32546582768,0.06797016345366882,False
431,0.16502835913488903,34652.993859056776,0.056913440880290864,False
432,0.23317944498183085,34652.81582333673,0.06289016525133521,False
433,0.3447467653146717,34650.59360549197,0.07067610144745097,False
434,0.5334795298781781,34650.43222480845,0.07150763686237693,False
435,0.14844856178571741,34649.28439183621,0.0657367548283511,False
436,0.19493155305533194,34649.11479964754,0.06509000777658121,False
437,0.32908478777019895,34646.53028292537,0.06163247406633143,False
438,0.5033952450558856,34646.35113554613,0.06312937122748752,False
439,0.11970533344826641,34645.40849841974,0.057654267927334274,False
440,0.16332155989572264,34645.234722261994,0.06642275687926691,False
441,0.26688547527463935,34642.28208545008,0.061851206092929614,False
442,0.4090918543820886,34642.10035154727,0.061359479265971226,False
443,0.10291247045873454,34641.358541543115,0.05747216350726136,False
444,0.1561270057101176,34641.17398400496,0.05802463099675535,False
445,0.22556839518421362,34637.863366760575,0.06098425896237094,False
446,0.3740470999026053,34637.677315849076,0.062352753382781755,False
447,0.09791254934143953,34637.12153768432,0.055510540710664115,False
448,0.13423658516645134,34636.94402921179,0.061709832728341525,False
449,0.21156821194485412,34633.2565864017,0.06399637407548693,False
450,0.33351489120891026,34633.0797834652,0.06521636170958003,False
451,0.08437689245792523,34632.72211707613,0.05342260118812956,False
452,0.11230280321599184,34632.538742265046,0.06686334901430774,False
453,0.2142069306392368,34628.474872949664,0.0666672912817839,False
454,0.2722319610543899,34628.298886870754,0.07360474294627063,False
455,0.09463826879190616,34627.96028750203,0.07874394332337258,False
456,0.19215978978683818,34623.52457053195,0.060630839476336906,False
457,0.19942286501170833,34623.32001950236,0.09953297151388842,False
458,0.021411935459025755,34620.704246279005,0.06990085182151382,False
459,0.025966067127036117,34619.810166083604,0.0500788378156952,False
460,0.01723857834618058,34618.86057976616,0.14141874682537645,False
461,0.1517402782817066,34618.39879566836,0.07558163989923382,False
462,0.24370391300329483,34618.222715140255,0.06881988327622403,False
463,0.029114473517019245,34617.81740586949,0.060988326318478996,False
464,0.02996639620406152,34616.70563848005,0.06250409831676157,False
465,0.021074981825243245,34615.73859146448,0.04307792073812631,False
466,0.03013295154695575,34615.54456195813,0.044088079708530195,False
467,0.03145135891381435,34614.30771939097,0.06223054378255876,False
468,0.05543054456457723,34613.315840610754,0.06084143907609473,False
469,0.1875111673879327,34613.10538048594,0.07095619921624696,False
470,0.2145732788045148,34612.90897399493,0.059866877174692634,False
471,0.022772075354178283,34611.63060255133,0.0440366139349173,False
472,0.01932431298266289,34611.13977825735,0.0629778686482694,False
473,0.029077530079324686,34608.059898128944,0.04206281335052612,False
474,0.05850286582132141,34607.85898253678,0.06870168263556635,False
475,0.10393772120986784,34607.60665235912,0.08027857567326788,False
476,0.15812870386744382,34607.43077622482,0.06174160644119167,False
477,0.03558692246862363,34602.58992873075,0.047820098760063795,False
478,0.03985275050382428,34602.39191994227,0.05336506078233624,False
479,0.09976107647601029,34601.95953536767,0.05612519810016233,False
480,0.14647993945872795,34601.772816307224,0.058954006865059215,False
481,0.026344181993551354,34597.79031499068,0.05250035797922183,False
482,0.029413029300183954,34597.607955725776,0.05038794186321226,False
483,0.04075902383965894,34597.00090879967,0.10350021055110113,False
484,0.036486791155667185,34596.80349011827,0.09732316639431537,False
485,0.11609492274130702,34596.12321579089,0.06618742833933391,False
486,0.13097907405756312,34595.94226746675,0.060855449871834284,False
487,0.051303209540170244,34595.25635752918,0.05244889960889067,False
488,0.08996404134535814,34595.05730759445,0.059772262952913206,False
489,0.04258163871474107,34594.26765279516,0.04866504339342831,False
490,0.09238276475516113,34594.06480798375,0.06240110444184746,False
491,0.05204176752940671,34593.2208547807,0.04945775533506341,False
492,0.09092917371309227,34593.032704250036,0.055637007743333855,False
493,0.0520161277407498,34592.101092014185,0.04944618273543792,False
494,0.08403361469358497,34591.90424307374,0.06455774395405055,False
495,0.02491204687855076,34591.1356086266,0.10775807252305787,False
496,0.09154981763281106,34590.93493168058,0.05174524217386277,False
497,0.08700997238891983,34590.73191873432,0.05310317157666482,False
498,0.08003193613142175,34590.11561790585,0.05759490682435879,False
499,0.11263784062514291,34589.92687522391,0.05821080624641193,False
500,0.03904798101305029,34589.677975297476,0.1499995708883039,False
501,0.07137586888859261,34589.47267657422,0.052339244909607695,False
502,0.07654085711461558,34588.184227126876,0.07630117158844331,False
503,0.05005850579498856,34586.97963157653,0.0595364496125349,False
504,0.08118333586318596,34586.78442734883,0.05564458587465103,False
505,0.04689202145650952,34585.52227718923,0.04632109170112439,False
506,0.07227157134454003,34585.330201888435,0.06302063935595409,False
507,0.024859224989490263,34584.93963331288,0.11916392294835323,False
508,0.0806176803548172,34583.836876225025,0.12082018945457877,False
509,0.025057919653583494,34582.44393961367,0.06924840636352235,False
510,0.059424023917766536,34582.23570053051,0.05682776748751549,False
511,0.029174743502659452,34580.76553346308,0.05059112306776719,False
512,0.06675781352207834,34580.57992427622,0.05722262823841869,False
513,0.03694450362050684,34579.04010338358,0.05469976575938123,False
514,0.07378924319303289,34578.85017772117,0.06355055978097632,False
515,0.06325901397303241,34577.57785670815,0.06402406551606232,False
516,0.08693615783958589,34577.39390084489,0.05948225722192548,False
517,0.04450677201901294,34577.07507709854,0.074696147058616,False
518,0.026608683378922485,34575.40030235039,0.048944820166279185,False
519,0.048351022599561255,34575.204181347704,0.0527055873287596,False
520,0.030189288833866495,34573.44912557294,0.04003140355367729,False
521,0.04908980202486632,34573.266693903235,0.05583746546948849,False
522,0.020124909851937944,34572.54469791937,0.11618379530455406,False
523,0.02899444364241774,34571.46095921322,0.052514003814673214,False
524,0.038377194379215086,34571.27310922631,0.060495966876497324,False
525,0.04119850499841438,34571.050241060664,0.07544447474105383,False
526,0.08072651577236144,34570.86301661128,0.05596114692137376,False
527,0.021993118139501933,34569.357782041334,0.04656136395846927,False
528,0.033545063227837214,34569.19959993732,0.048895315980868055,False
529,0.02705887715708145,34567.09225539536,0.08040197835488241,False
530,0.02422060384909495,34565.99192461262,0.07171791351566315,False
531,0.02035870690291932,34564.85759055653,0.04602442307539556,False
532,0.045182008244652114,34564.34782645359,0.057409601970036445,False
533,0.07241295819630895,34564.15043405568,0.059542497285762344,False
534,0.01627341192234877,34560.20326447884,0.13017768347931769,False
535,0.12493558601655055,34559.985032630946,0.07065825181805986,False
536,0.017103306291932442,34557.83281883008,0.11975672925829,False
537,0.049790368450835766,34557.455338273736,0.05106063656163453,False
538,0.0600637818841557,34557.27754809331,0.058246904363138174,False
539,0.015793171005049754,34555.325969136844,0.14999999999999997,False
540,0.017935045740320607,34552.48725150421,0.14999999999993496,False
541,0.03664582374526251,34550.39930001628,0.046777197580551114,False
542,0.04558638059281617,34550.1944310245,0.06615164494212238,False
543,0.03266082038228454,34543.160332277155,0.04703191061865747,False
544,0.04468821409525884,34542.984980740854,0.060627949154985886,False
545,0.021087154654740356,34535.79925500203,0.055292192920981,False
546,0.047011198175363665,34535.59259169783,0.054677610424870425,False
547,0.02525187511492799,34528.0683187921,0.1051975358614971,False
548,0.02763717331798069,34520.28210157142,0.106025301879368,False
549,0.0316963893426458,34512.3284090235,0.049858794668332214,False
558,0.03742341961856552,34422.619849001516,0.1037801199058468,False
559,0.04072142504091433,34422.23791536464,0.08495096084547862,False
564,0.043187400994381724,34402.59232398607,0.07688372710803512,False
565,0.0249870722214111,34402.2231432578,0.07973006100260716,False
566,0.11120342404000015,34387.747571620894,0.0885553129550085,False
567,0.084819828240078,34387.42037666883,0.1118309689284523,False
569,0.6398474232988546,34309.52926782979,0.09785947871305838,False
570,1.1596301930196518,34305.459947993186,0.09866651236110913,False
571,0.5859256114983816,34303.51648887228,0.099135577836828,False
572,0.04007041643147314,34174.788686427,0.10016178768572773,False
573,0.08542016003049846,34169.73845945878,0.10053228764172416,False
574,0.0360888332276065,34169.25324874369,0.09691654360495212,False
576,0.05607941880817036,33773.08808304479,0.08520556095623745,False
577,0.05790069966011166,33772.74125180389,0.09114801438932597,False
578,0.05712893754051749,33767.514290584855,0.07120361633076466,False
579,0.04711681125857991,33767.28617836393,0.10139506321810864,False
580,0.016329898862022522,33656.048665061724,0.06784617960015712,False
581,0.027227816057383843,33617.21129709524,0.06764116275045622,False
582,0.030356498512736658,33616.620393933204,0.07287879658560406,False
583,0.03257472816214505,33423.80340678386,0.0855987756655243,False
584,0.06219722350416092,33421.75007279896,0.09129854742765976,False
585,0.049465072599552705,33417.75648904608,0.09086020559987677,False
586,0.06715071911414436,33414.61101817387,0.11718090093215945,False
590,0.13878106009768365,33412.575435002276,0.11722052029797368,False
599,0.031235987240982446,33403.81516616615,0.07132106988038439,False
600,0.06113803978567671,33401.75839630171,0.09021291134811363,False
601,0.04562051337006984,33399.8231730886,0.04954469803513316,False
602,0.04601320283425255,33399.61957559385,0.054621607326034716,False
603,0.0282019173085212,33397.74756961541,0.08215745318065992,False
606,0.03583271364288882,33381.36553429969,0.08908773951617584,False
611,0.026785054644000487,33321.748314758326,0.07097859755847802,False
626,0.015433236340222645,33224.48312546981,0.07994010695387291,False
627,0.13757982292546825,33165.033383808826,0.10027416134392368,False
628,0.26178756328914315,33160.533357748434,0.09991495621312026,False
629,0.11469988912008358,33159.16365393214,0.09794478606878082,False
630,0.05538760778155263,33105.445735530244,0.07900308360188482,False
631,0.10868676428112457,33103.38539441043,0.08835001284659477,False
632,0.054622510115545475,33099.3831679403,0.08011691063618695,False
633,0.02109762733443868,33097.93365831057,0.07854777369203916,False
634,0.28017277415941644,32959.98341107685,0.07403573659290677,False
635,0.01881614120889479,32929.975445900775,0.06356102729278036,False
636,0.07815364704694863,32783.523911494056,0.07492333107479472,False
637,0.06284973134654409,32783.288452445595,0.07210558846177388,False
645,0.014108801401490073,32710.30215008881,0.09650934049167338,False
646,0.01525936259202457,32320.34485142832,0.06635944127936552,False
647,0.014911908442851141,32291.0159412248,0.05758271242757439,False
648,0.01951830239568838,32287.539893299498,0.07010267143500606,False
649,1.2780648220824078,32283.71725648843,0.09105058930532495,False
665,0.01822761908450511,32256.744528698157,0.07552980368847788,False
666,0.018700080120195226,32256.300760692586,0.11485331511055613,False
669,0.020069391778820476,32251.579088528128,0.08902720343895199,False
670,0.021625709834511484,32251.073816562213,0.07407278586077705,False
671,0.03597191807344488,32246.33585113988,0.10630635521083041,False
678,0.04260300589961303,32028.091929100123,0.07644406017561675,False
679,0.04223647823627303,32025.962692554447,0.07897752543064826,False
684,0.019648216012849332,31956.82420184836,0.08583544084887676,False
685,0.04408057266303472,31952.859201825217,0.08086841897938972,False
686,0.03375995716396666,31869.71486378016,0.0844485091990455,False
687,0.018731561410399007,31863.66288202633,0.08171869228130113,False
688,0.0239663970643783,31859.126300933454,0.07216936618947678,False
689,0.029103173950506076,31854.016540143937,0.06891054715402552,False
691,0.038744498056204675,31787.367891880975,0.07691843038059515,False
692,0.024503385824075442,31782.470716761378,0.08336202833858429,False
693,0.04155573495361534,31710.47843580555,0.08991295860590397,False
694,0.043497440228276514,31709.24335981831,0.07843336716341892,False
695,0.0212908351445477,31690.391136860133,0.0712328622386476,False
696,0.02760766777196587,31688.179271893598,0.07426495428075586,False
697,0.20524688038125988,31379.726876559373,0.10735796152669895,False
698,0.40185733240421917,31379.405574045217,0.10309961060195745,False
699,0.25150522604778996,31377.96846780917,0.11389809284865313,False
700,0.5594661350732051,31377.64762369312,0.10827310585904742,False
701,0.3073518819948313,31376.04851511965,0.10919547115198637,False
702,0.6417513805812954,31375.719473309437,0.1095355881218559,False
703,0.1547964625139183,31374.30085461972,0.0770053632798071,False
704,0.22674486062611937,31373.99509729143,0.14999999999361596,False
705,0.5964784872035949,31373.63799210205,0.11363478675037367,False
706,0.3067584254804588,31372.49737397042,0.10383287653330366,False
707,0.19232392464143228,31371.72779427894,0.12263837283164995,False
708,0.5075212041881246,31371.39630538425,0.12012585401416057,False
709,0.3254579230466972,31370.5716870757,0.10565274318465169,False
710,0.2755274847855779,31369.274237060552,0.14999999999961303,False
711,0.39154120626374755,31369.057497380854,0.12160462324466143,False
712,0.26082922358518995,31368.901296285338,0.05143441826840493,False
713,0.2775402008318685,31368.49708835918,0.10852111099292348,False
714,0.1814980094841856,31366.78465200089,0.08787891012410753,False
715,0.14609747986449598,31366.593049063864,0.0684404802566862,False
716,0.5413687079269219,31366.346238895218,0.12373811288885304,False
717,0.13853247788418088,31364.029028320318,0.09703418317299121,False
718,0.47834023545495213,31363.80170915596,0.08385089310465313,False
719,0.29623120520455953,31363.608548723918,0.054658744270860295,False
720,0.23715251356555453,31361.259403308897,0.12459259823628663,False
721,0.18276757813370598,31360.93540419764,0.08118074496124716,False
722,0.3019068838483985,31360.734448265834,0.06260474456576244,False
723,0.11723556052496802,31358.691973751826,0.06001043912728041,False
724,0.1592220010396789,31358.52363664477,0.05715050054106217,False
725,0.06088587078757899,31358.187092700624,0.04814156668106489,False
726,0.15946220747384102,31357.901025137715,0.1499877130124236,False
727,0.226356134156776,31357.680825325293,0.053214391243464026,False
728,0.1183916277231126,31355.822531024325,0.05955769759727151,False
729,0.17206180668695087,31355.653565611792,0.06102564923362242,False
730,0.06618759647739886,31354.97668079709,0.04681624978617813,False
731,0.1355427384453889,31354.70572672297,0.11625130416911104,False
732,0.2071103252124849,31354.476418951577,0.05703204367170237,False
733,0.08375007160706788,31352.789928106577,0.05725929571736455,False
734,0.1278338059863756,31352.619899498066,0.058579046305203025,False
735,0.051224585734933485,31351.610314588856,0.05606307537993362,False
736,0.11638113313664454,31351.339463087854,0.11182174474060616,False
737,0.1843889025253315,31351.10994355888,0.054855128866035496,False
738,0.07000878581359146,31349.6089364741,0.047291538741112596,False
739,0.11284805982729572,31349.42720453852,0.06049567819997275,False
740,0.048065880449395984,31348.088874779765,0.049441781977099954,False
741,0.10125595092518053,31347.821069946607,0.10720690207287015,False
742,0.18648751553645415,31347.587111378867,0.057542624954346214,False
743,0.08202583993869096,31346.115277077584,0.11130061174409658,False
744,0.04357932186316543,31344.377990318022,0.0781995953072925,False
745,0.09231605541765671,31344.137345475923,0.10970345254667974,False
746,0.15323425384132408,31343.90191631718,0.05561083455147742,False
747,0.0518971360343487,31342.74402385517,0.052782641899549246,False
748,0.08483137817212141,31342.56760523402,0.05967571061994348,False
749,0.026458434245975514,31340.562746633906,0.04185438339700354,False
750,0.0698579332441525,31340.270213767268,0.11771431983421869,False
751,0.12815372192334715,31340.067855008838,0.06784199899649254,False
752,0.045896384260195794,31339.075747661907,0.05368372741590905,False
753,0.0749473197686577,31338.896620158466,0.060784636111903906,False
754,0.031108317735745815,31336.467840576177,0.13571487385919254,False
755,0.08869859584817752,31336.100404177465,0.11792535374666344,False
756,0.03549343335469206,31335.257916258364,0.05152858684193542,False
757,0.0687535110135458,31335.067469663783,0.05823102407739763,False
758,0.020057404642045133,31332.392352068404,0.04000000000118572,False
759,0.04840940522323618,31332.127802762876,0.11209832625745818,False
760,0.09766436181088126,31331.8904294782,0.05528795428967899,False
761,0.0312289595935158,31331.26020722707,0.04805219517814803,False
762,0.051597217820498836,31331.076664811815,0.056558086979890024,False
763,0.018183374870598124,31328.064522137214,0.04000000042339399,False
764,0.04127167296843078,31327.806168015843,0.10299862374279176,False
765,0.08039898339199257,31327.56852927197,0.05492482249394482,False
766,0.01969391178154145,31327.118770295416,0.04482545312588532,False
767,0.05184565162001312,31326.939769980072,0.059888517235174694,False
768,0.02348865415417803,31323.583307506364,0.04131243622447964,False
769,0.04559128656381698,31323.37799512966,0.06913066509250906,False
770,0.07910773388315027,31323.088469081318,0.07059122905479243,False
771,0.016302312001527913,31322.808896320803,0.04000001067478018,False
772,0.03535903154665396,31322.60259983954,0.08627678068538278,False
773,0.01614127011066548,31318.93679601666,0.04541508232261377,False
774,0.03563639443937227,31318.67396636764,0.09104591265951954,False
775,0.059716923259883536,31318.44806178746,0.050400078774533674,False
776,0.03975056928663375,31318.16540308816,0.05589367418179414,False
777,0.01449502736215508,31317.16630200637,0.07246210458333506,False
778,0.02530414615411972,31313.908903046613,0.1499919409857395,False
779,0.05984733093720858,31313.599433098643,0.07086491613770116,False
780,0.02410664211747229,31308.906657394968,0.1499999902489877,False
781,0.05622806773369392,31308.651376116126,0.0468325979746909,False
782,0.026859752287707612,31303.907065393276,0.09609866035875053,False
783,0.054777629168731384,31303.560107685465,0.06870831545064293,False
784,0.011312267084725026,31302.326301359357,0.14999996881459476,False
785,0.028464662733949337,31301.063434823296,0.0745052223886662,False
786,0.025271002742501963,31300.276728631397,0.07256657817645502,False
787,0.02484044358263069,31299.669918008938,0.06862562274321678,False
788,0.031741593868778936,31299.445420820834,0.05817748524119722,False
789,0.017912670102954338,31298.90906074607,0.0464094670022629,False
790,0.05275222108779557,31298.629363724904,0.1313396152815202,False
791,0.051780011662317264,31298.272575536615,0.0718541759157511,False
792,0.01905069009456251,31297.700979614263,0.1426988667735321,False
793,0.029998609627486336,31297.621369548186,0.05087444764771654,False
794,0.0246022922159874,31296.60221636823,0.11393920246335036,False
795,0.018726941047112533,31295.709275688234,0.040688758847474096,False
796,0.024480305145233732,31295.5249633877,0.055573919229151995,False
797,0.031912293587835976,31294.412168569794,0.07229557757285746,False
798,0.015937737271785313,31294.16708310657,0.04000006191888133,False
799,0.01726355942294959,31293.634690728606,0.04476472454079924,False
800,0.021388273006078744,31293.47675190727,0.0463089197409482,False
801,0.026087580094202173,31293.222917790965,0.054193782796701395,False
802,0.033188834480699377,31293.02210136466,0.04366984194288803,False
803,0.03735805589328566,31292.834763528615,0.05854394617806689,False
804,0.019275638819507807,31291.935313631406,0.10934370719796623,False
805,0.02472162796457347,31290.634498460946,0.10703965472684468,False
806,0.030723130282758006,31289.25496442793,0.07422081054829482,False
807,0.01746022788130755,31288.02291080959,0.06715613878780187,False
808,0.022412038827598367,31287.819494705684,0.0466679016563217,False
809,0.017443155664030624,31287.42827002829,0.11342132452947523,False
810,0.028643973243508612,31287.21012459659,0.05888580847326175,False
811,0.019364229317390735,31286.474727443907,0.056589232865978785,False
812,0.017492399717833833,31286.303145665373,0.047056518277523746,False
813,0.015236236763353119,31284.728632079426,0.050402284135102886,False
814,0.014183541311932332,31283.154367018415,0.14953016255776716,False
815,0.01137869390766996,31282.420910367902,0.12276642225194276,False
816,0.014328853876387136,31281.763183676743,0.14488888003782607,False
817,0.02533050143181663,31281.509349441167,0.040000000047427216,False
818,0.014494756648551531,31279.69277039313,0.11370378900381381,False
819,0.015026647104501686,31276.74295562481,0.11547238680671452,False
820,0.03323593579386736,31275.568216233492,0.07858198152119948,False
821,0.014056077752673717,31272.007073707893,0.0918877382060361,False
822,0.011990383001218529,31270.79558457933,0.08561639574574817,False
823,0.013240004923930853,31269.678872081444,0.0642729494711352,False
824,0.027196190900126215,31269.481200887683,0.05002648055941303,False
825,0.025539478836361366,31263.278604340536,0.09967342506478445,False
837,0.03771647663687311,31114.746186807464,0.07990479555681544,False
838,0.027700421606120993,31109.76615863931,0.09156218767958192,False
839,0.0403019149829127,31109.46241719191,0.09516375226194244,False
840,0.17115016774542835,31005.857679987595,0.09672545212163879,False
841,0.32164698929447516,31001.561961710515,0.09581624759992795,False
842,0.16593635116585767,30999.90897260094,0.09605580370572783,False
843,0.01517924431060622,30806.68753752579,0.08332859274475028,False
844,0.05685802233999701,30746.95131710245,0.08843360803536117,False
845,0.022305597799255103,30719.97381516263,0.07553346008100328,False
846,0.010485466008513217,30687.04676505151,0.12494663344402467,False
847,0.07290070730207861,30654.892064717755,0.0832581371013953,False
848,0.033513172125769736,30382.734335482066,0.0792435595785055,False
849,0.028109784279533746,30382.389712710316,0.07998842385970177,False
850,0.010357395975844298,30121.602904833024,0.07175452407342998,False
851,0.010861330606435684,30121.32048976993,0.08722568442425255,False
852,0.024949760327831312,30118.970399300528,0.08567894372265153,False
853,0.01122696325973369,30115.22779665779,0.10617345619337581,False
861,0.02728787179157312,30106.662305049595,0.09724257672319396,False
862,3.299371295162918,30105.213478827034,0.08814949003998813,False
863,0.05517166679473065,30104.806726074214,0.14999999769939623,False
864,0.07057488197430754,30104.324157288647,0.08132081704265529,False
865,0.012826871202539968,30101.29685148601,0.0925366128381904,False
866,0.024812508629318327,30100.55387109317,0.09075771017622697,False
867,0.03710802493573076,30098.97013888482,0.0843438075135518,False
869,0.013181591047712278,30085.09211389668,0.0892260864359125,False
870,0.013376723386190944,30018.972421593044,0.06645610901221358,False
877,0.03458332972979671,29936.68778476228,0.08927106681182957,False
878,0.06969853007867854,29934.37188734023,0.08831300975526517,False
879,0.03099582751510042,29930.646697492008,0.08674873723459874,False
880,0.03929260195280358,29860.04234234738,0.0814944478994133,False
881,0.0771609951904264,29855.32457711602,0.09181446762088137,False
882,0.03350137849946808,29854.256583438786,0.08610556518860367,False
883,0.009116977975946773,29825.377069168917,0.0720442299152642,False
884,0.030359194379967886,29797.479523002454,0.07825428030337189,False
885,0.0266821175426326,29795.452705207255,0.08272128650253795,False
886,0.03239629909666125,29794.85492775596,0.07714880000075881,False
887,0.0323659130990928,29791.381653966826,0.08086830930608707,False
888,0.04309254203903958,29610.152767178097,0.08324883229419515,False
889,0.034135401931585437,29609.344534627642,0.08175225965424439,False
890,0.02839498968331774,29606.67030570815,0.0817900942754132,False
891,0.04197496341273651,29604.5113330777,0.07824666327677797,False
892,0.010097419566812614,29008.099338974782,0.10476130448877306,False
893,0.01552444953123532,29003.434196850678,0.06328004714490487,False
894,0.0572585386441786,28979.273868509717,0.08209162452713041,False
895,0.015379864312667694,28964.517524637122,0.073380983675896,False
896,0.011652641891345124,28964.03244797436,0.061079196660740825,False
902,0.05976850424677636,28947.62704176812,0.11256154027750978,False
903,0.015002596991757176,28944.530311116854,0.06217139021236993,False
904,0.009405753850557523,28944.02796746966,0.1108305577208591,False
905,0.027726069865691618,28934.265199505575,0.08625495238859894,False
906,0.02366411970179379,28933.801894448905,0.07348742081381839,False
907,0.009986256032053352,28907.25715802743,0.05774534038780382,False
908,0.18249429045052176,28846.191499880675,0.09049106765720097,False
909,0.334512992858799,28842.10129559403,0.09221331143025954,False
910,0.17877977343861134,28840.166583450664,0.09201928990227795,False
911,0.013895254364769422,28561.393124165486,0.08554186122842858,False
912,0.011204748890955667,28524.637265668058,0.05367236929073205,False
913,0.01840338886847047,28459.986778371444,0.07335879336958297,False
914,0.022410479538711434,28441.258461902882,0.06370618506315343,False
915,0.020033021663803715,28441.032295086465,0.06871098238390859,False
917,0.03492796373718441,28431.21168463524,0.07813666725242305,False
918,0.031476052734792884,28430.710860180214,0.08208857010427204,False
919,0.23199851028166055,28076.134031121932,0.09044938064952596,False
920,0.44544135161452175,28075.508564788535,0.09470336012534963,False
921,0.2621701636753345,28074.699930411898,0.09711443810516684,False
922,0.568099952358198,28074.07692504699,0.09549533258735159,False
923,0.3271459499122565,28073.10743162356,0.09585425197516886,False
924,0.5742668417919654,28072.500853481873,0.10248321383292325,False
925,0.2677976180118756,28071.395999225577,0.10124378202857254,False
926,0.6259546257190177,28070.76932645288,0.1053260610823899,False
927,0.18474200205424976,28070.477371273053,0.07447753064367625,False
928,0.29353210226232707,28069.519927623904,0.09997226597474214,False
929,0.2912271306146834,28069.09680860949,0.09709161559616503,False
930,0.4806272503157233,28068.869142004845,0.08057949546828297,False
931,0.5552079454031077,28067.512958964227,0.09973918615228454,False
932,0.400983349378425,28066.896450328426,0.10867144788557137,False
933,0.2585145315925028,28065.799210426154,0.10259601009837219,False
934,0.17874101420689115,28065.343788191276,0.09935782228442645,False
935,0.33491923982049976,28064.741145569205,0.11160207012839082,False
936,0.22291740257614642,28063.949497610098,0.10667296689195231,False
937,0.1752650478459341,28063.04167581616,0.10051166897192104,False
938,0.29414006619300415,28062.43466800355,0.11097819478966,False
939,0.1996919221829858,28061.942453955064,0.11144457069500138,False
940,0.14998792915746592,28060.60916820057,0.10390030372701924,False
941,0.250245669708148,28060.01606129785,0.0980149822770866,False
942,0.1785729598246779,28059.737960284332,0.05753734047104731,False
943,0.11577666368702089,28058.025906527604,0.10826069386303916,False
944,0.08391762534122614,28057.587651398808,0.07471956278491745,False
945,0.2149254487445198,28057.376642264844,0.07057698928637048,False
946,0.08374673930233173,28055.303671264654,0.14999999966925498,False
947,0.1146687580109403,28055.05805847675,0.0890998060040195,False
948,0.1986126368300152,28054.671566197012,0.09719781839109208,False
949,0.05038883193183056,28052.608677258526,0.07092048452578115,False
950,0.08263265862188993,28052.415800112904,0.08678074874770164,False
951,0.16777757572979204,28051.826866350893,0.11138992172949189,False
952,0.09186109054867124,28049.778252713248,0.10277272013792935,False
953,0.08031948690380726,28049.400728892484,0.0917769771641756,False
954,0.1583559775084344,28048.80298560472,0.10431320908430926,False
955,0.06625180747564957,28046.914931933323,0.09464103462561849,False
956,0.034836944270424754,28046.358822796177,0.05956619140909612,False
957,0.06781634740868192,28046.196801617454,0.0592433564644965,False
958,0.1332514993068961,28045.63603429402,0.10093979713407746,False
959,0.05560627673609537,28043.923052131802,0.10393224179088739,False
960,0.025678703930777803,28043.06718565696,0.053768962985127136,False
961,0.05658089581562106,28042.900261696253,0.0619999046060568,False
962,0.11642987608053082,28042.328630462798,0.09493105807534326,False
963,0.05793189829556472,28040.773653815246,0.09439587799573063,False
964,0.04391215044621335,28039.488723244194,0.10111745145338971,False
965,0.10134675439157155,28038.891062584073,0.09802204835098347,False
966,0.054319614862940555,28037.511884049545,0.10314833263122415,False
967,0.026381151460800386,28036.021076931658,0.054847835761592106,False
968,0.037738144262126024,28035.870953501988,0.0583395515708034,False
969,0.07136868538575095,28035.32574884403,0.10719976012221738,False
970,0.03542470052147087,28034.053355506712,0.08295088518531489,False
971,0.03363669555182,28032.14654825579,0.08363823731718996,False
972,0.06705583434116962,28031.559731135105,0.09529851354296465,False
973,0.031434403073399335,28030.61352042387,0.05713683637750155,False
974,0.03566141024386429,28030.46247413943,0.05588611287291272,False
975,0.01913900522261508,28028.397445348295,0.12436004450430696,False
976,0.023847462750409006,28028.248726628193,0.0534451730903158,False
977,0.0402291443587332,28027.82907277104,0.0661603412374895,False
978,0.05447038590448442,28027.663238053618,0.05762892039102044,False
979,0.019341378714259186,28026.912646817364,0.045270152891415325,False
980,0.0365575222603817,28026.754795426787,0.06227696376246766,False
981,0.013728263674374009,28024.40748185099,0.04007514113852674,False
982,0.026159464586615746,28024.234261773756,0.06209705089529218,False
983,0.03535985798721061,28023.813593614566,0.057157628302019176,False
984,0.0625332471949686,28023.65191202508,0.06565788931763364,False
985,0.014804880553510376,28023.081355796374,0.04170421539365127,False
986,0.027750927199972214,28022.874403219004,0.09069896294473305,False
987,0.02343989056580669,28020.075950047816,0.07061229182225204,False
988,0.041137856836703714,28019.492832073298,0.07925411113763549,False
989,0.012869222980152827,28019.08255859834,0.10068403312888799,False
990,0.019363230949852282,28018.88095363023,0.05436008012503743,False
991,0.016413501105250725,28015.844772499724,0.14585980465004644,False
992,0.015451547000086273,28015.375949229932,0.04000163590086718,False
993,0.04319419364411101,28015.19165289141,0.06093597969048727,False
994,0.024597845515037624,28014.7583299489,0.09786964088970776,False
995,0.03341184592329347,28010.711786267446,0.09386408771773436,False
996,0.01951917585288843,28010.444766934143,0.05823264033718907,False
997,0.015376562249902626,28006.885530350177,0.06661728783158245,False
998,0.023110270890169364,28006.7264933614,0.06093980028810126,False
999,0.02578254305652326,28006.31355452633,0.048089573209452445,False
1000,0.058965100498120794,28006.139546455273,0.08287912642693805,False
1001,0.013131924699033633,28005.49549298245,0.14999999994667487,False
1002,0.021529203266852183,28004.831983435542,0.07569686494676373,False
1003,0.015516731830322152,28004.062763711794,0.07904421111997083,False
1004,0.025060229005428866,28003.331359037984,0.07958384762958949,False
1005,0.01750344249606211,28002.463512860002,0.10664438986769108,False
1006,0.021186029987026213,28002.025897744137,0.1005001594296086,False
1007,0.011907294056170591,28001.520657317145,0.10920947330356617,False
1008,0.015622365680940243,28000.735420204244,0.05448876723832465,False
1009,0.03241297477218483,28000.568730844658,0.05870326804319011,False
1010,0.01825000388274167,27999.750278510834,0.057643963969139504,False
1011,0.024409547924379948,27999.54011156334,0.055463833620943204,False
1012,0.012571378841731757,27998.46828400152,0.14999998219672828,False
1013,0.014941212042059055,27997.36894354441,0.04805836182608276,False
1014,0.027074730347703874,27996.543143273197,0.0626654729710918,False
1015,0.025174299997062936,27996.15656824547,0.07185192349446556,False
1016,0.016004922140156044,27994.954033832895,0.10929408677723183,False
1017,0.01405022830017562,27993.56587235243,0.09094087695547973,False
1018,0.024218638122077373,27992.24985966071,0.06232011051497182,False
1019,0.014887543796230718,27992.043480355205,0.06794092540455628,False
1020,0.022442417853931904,27991.53277208768,0.08570733318469925,False
1021,0.012525800033758864,27990.870381923945,0.08993960261693511,False
1022,0.015051202424782896,27986.99020543728,0.11909148146838631,False
1023,0.02019063179041118,27986.39895392219,0.10046795463223618,False
1024,0.01374214457915427,27981.720933233944,0.1208150147391409,False
1025,0.016795644213757132,27981.106206593377,0.09868540033313858,False
1026,0.016712690481685954,27964.28929764076,0.0754683539547954,False
1027,0.01561973744102476,27958.432844722098,0.09368075907194258,False
1028,0.4182459842034831,27848.680134242324,0.08569798700238232,False
1031,0.5320733465912512,27836.407023149906,0.08691379248170572,False
1032,0.3583451273416627,27813.871014170803,0.08492482196995536,False
1033,0.535189286801061,27807.538922123527,0.08712607133762142,False
1034,0.20890747809683258,27801.597442837006,0.08552444807119453,False
1035,0.06032850495450334,27701.55030640736,0.09406288569381814,False
1036,0.1396455434601062,27697.039486267066,0.08810049102677495,False
1037,0.06283693604419123,27695.688555220266,0.08613501237868254,False
1038,0.039487343597601296,27319.65454822869,0.07783100986888107,False
1039,0.03571137199125237,27319.37763238073,0.0829681857256908,False
1040,0.034073792590238246,27315.593194659345,0.0780467208028441,False
1041,0.033654183090049423,27315.3053934113,0.06506212498349992,False
1042,0.01726853364208402,27315.07835552353,0.07011701070694024,False
1043,0.0450392507073855,27311.508720456008,0.11733066740089186,False
1044,0.015551605560513264,26938.59381274869,0.08868172983360072,False
1045,0.3618968988122947,26817.833844963654,0.0859289977322613,False
1057,0.021149433091955157,26795.42552316629,0.06401950034556789,False
1058,0.5825533814898693,26793.98327584873,0.08556230129232416,False
1059,0.022676402931999833,26791.266580053558,0.06588962211026615,False
1060,0.21808587253305772,26686.105403981528,0.0873559538493945,False
1061,0.4332893545513192,26682.241744193874,0.08760051801985257,False
1062,0.2225088368195592,26680.040218715785,0.08531595967306904,False
1063,0.013960691125514828,26549.295896786316,0.11104230133031698,False
1064,0.023209689143342354,26539.724103394048,0.0772675789007475,False
1065,0.01238102665242615,26537.19852202321,0.07277079122540496,False
1066,0.025812683202824715,26536.231337482983,0.07607180920610768,False
1067,0.016960270324925194,26800.466658300487,0.05442650598536966,False
1068,1.9716719691169542,26801.41627024297,0.08687727266093853,False
1069,1.7208332600116276,26805.550940744546,0.08809479147368734,False
1070,1.8259336671121031,26806.264119281823,0.08701552375901332,False
1071,2.180730389251078,26811.301280312775,0.08798420354118991,False
1072,0.9714373505201445,27842.094121102917,0.08676361353059067,False
1073,3.235982004283027,28954.035172590695,0.08776691818815198,False
1074,3.2063663955503743,28954.514207138684,0.08819308261590364,False
1075,0.6684304627855708,29982.838730386808,0.09087566154440532,False
1076,0.6376996902022135,29985.318759766007,0.11757691676955767,False
1077,0.6248925617749018,29988.947901565636,0.09178790967868608,False
1078,0.016932939604388353,30094.219937848437,0.05778540121490001,False
1079,0.011876117735689265,30094.40489894412,0.03975936014832767,False
1080,0.01224703862618024,30095.207896875716,0.05355628032074503,False
1081,6.720018807983827,30108.97311877127,0.08812713359629676,False
1082,3.266332503385332,30111.312196742056,0.08820321122907943,False
1083,0.02218567437415305,31127.608596799506,0.05384873300089151,False
1084,0.013645863364516904,31127.748869776646,0.0567276081788374,False
1085,0.014744632019898875,31128.687677190377,0.0604949401321086,False
1086,0.01864492683713802,31129.659943985884,0.0645019377363219,False
1087,0.021405875383342647,31130.003894024514,0.06867780804303122,False
1088,0.02180132707004471,31131.716835609568,0.050372748141126925,False
1089,0.012650585003085697,31131.89367856578,0.05388926887736115,False
1090,3.4224809488407826,31139.668134407697,0.08934478789913666,False
1091,3.3629269380832083,31139.99819504289,0.09117439645741586,False
1092,0.016972212955167022,31149.71439570452,0.05019440838723253,False
1093,0.01808614046000813,31150.00147778946,0.06083995724347676,False
1094,0.012704415667582037,31149.59210956701,0.06436797970676224,False
1095,0.021521429433343366,31236.723925734448,0.06053129981217005,False
1096,0.016970134928989127,31243.63233626958,0.08511618117378165,False
1097,0.0163080072391634,31248.0290158208,0.06298527785959898,False
1098,0.028388230635635458,31250.306252434766,0.06712034523405214,False
1099,0.022143944117528243,31256.869312511943,0.06701417471287896,False
1100,0.014934497743558428,31838.425854659967,0.07463020831787741,False
1101,0.014642869740484489,31846.971197695308,0.10560081065618644,False
1102,0.02952366507932673,32012.093548838046,0.050780897406017794,False
1103,0.02765343049474252,32012.207408244118,0.05181528352445517,False
1104,0.04210199281209701,32012.84726704019,0.052601410964476424,False
1105,0.05335987405926361,32012.966012147328,0.06830476104168927,False
1106,0.027823245001691723,32017.758063521625,0.0606063843844454,False
1107,0.0211858692953678,32017.89634220921,0.07509384014328578,False
1108,0.5242196382935539,32143.312380622116,0.09611173489956279,False
1109,1.1120487068458105,32145.52722076415,0.09450424490816575,False
1110,0.5929430572571421,32149.37976005525,0.09351465223496691,False
1111,0.016739697485315487,32239.264650423265,0.07535845626375046,False
1112,1.3642136180009474,32254.00121400931,0.09096195961186275,False
1113,4.333749075188884,32261.08390975872,0.09048625716980725,False
1114,0.025023950297161986,32262.229489560337,0.055610129088239896,False
1115,0.049086071735009465,32262.861739608106,0.0758853375335829,False
1118,2.8664830661962823,32266.273872988513,0.09119885702844772,False
1119,0.01809014712485588,32267.573252305057,0.08595489030047664,False
1120,0.04050154833221402,32271.033789225035,0.0934693652283157,False
1121,2.744352126131856,32271.4427400417,0.09104202458498693,False
1122,3.9275327868271646,32277.56103970653,0.09170083853244985,False
1123,0.023320048588764516,32773.50750014443,0.0443198900601948,False
1124,0.1628394252391368,32773.754570141944,0.08335564904613607,False
1125,0.26990710636972853,32777.61444595373,0.09182768698795948,False
1126,0.058635537004351326,32777.9943171867,0.08698819587304918,False
1127,0.13034990493468956,32778.31294573135,0.08160326465542236,False
1128,0.12917225027769963,32779.61440079148,0.09073981152671194,False
1129,0.9562581917963748,33259.05922048132,0.09265921102929658,False
1130,1.3965815996937758,33264.89496461661,0.0929829474990966,False
1131,1.1767080248698574,33271.32551023304,0.09332629603564292,False
1132,0.03337404220923719,33270.691664800885,0.07095286354105211,False
1133,0.9465750976162076,33305.149576158125,0.09340810125016627,False
1134,1.8476358161067659,33310.964938174424,0.0942322865637909,False
1135,0.03632738474473758,33311.77976225059,0.06993916245386579,False
1136,0.7924737058251119,33317.41471828747,0.0941227711970935,False
1137,0.06294308420736815,33349.60933563998,0.09058900584905898,False
1138,0.01839258270583151,33350.6431966542,0.09315415034636908,False
1139,0.023397108985260432,33351.79966871168,0.06466120109308503,False
1140,0.12765159873266857,33353.57661297778,0.0895414869302802,False
1141,0.0676393775362758,33355.60731831368,0.08657116860297243,False
1142,0.015882555730936977,33388.0128813913,0.06480882846764717,False
1143,0.02609969326828497,33390.42875264571,0.050835996972064486,False
1144,0.023623546378500962,33390.62042240786,0.039811131549062795,False
1145,0.016592206657748278,33390.981951076705,0.09090206342814694,False
1146,7.0872587789718695,33407.75256885565,0.09274413689403085,False
1147,0.062055067576977915,33408.56098670716,0.12043028136670116,False
1148,13.991378611855858,33411.754769790474,0.09313865814584317,False
1149,7.00850023424481,33413.805575916274,0.09280393173213232,False
1150,0.035374835187740275,33774.04705810595,0.06115527183720449,False
1151,0.05990560939151576,33774.202827878995,0.09583331215518302,False
1152,0.02511501178155141,34372.48863314618,0.09352151806174992,False
1153,0.025474020475546342,34372.87493211449,0.059001967300820024,False
1154,0.020284835132448636,34374.12828659667,0.09686988069926043,False
1155,0.025978623492930144,34383.30427285555,0.07805798925745773,False
1156,10.095047913855826,34412.24865843056,0.09233604153294026,False
1157,10.027129545926199,34412.594487393326,0.09261420021710506,False
1158,0.022153818367694027,34442.67393514274,0.04682895179422484,False
1159,0.027042482067188137,34442.858355315555,0.04610514430353206,False
1160,0.018760053845732587,34445.62684933728,0.061746272478822986,False
1161,0.0789280874085408,34447.07023428894,0.0857763091152703,False
1162,0.02578254159515933,34452.001097415305,0.06898089213287012,False
1163,0.029245553293688067,34461.148644058696,0.06020240209203485,False
1164,0.03013280580673862,34461.29230131183,0.04708377729912794,False
1165,0.08427146226348833,34476.14670861541,0.08685828542538385,False
1166,0.08567818350800757,34476.29827549159,0.08159906284010271,False
1167,0.04123267427279457,34478.9194693062,0.06003606647726063,False
1168,0.03521926080300394,34479.09414745956,0.07381748832555456,False
1169,0.02578088984667431,34482.41642875814,0.04626030838946945,False
1170,0.03916706245160545,34482.581781150104,0.049896360516777497,False
1171,0.027157684657749506,34487.51029120179,0.049513844267215175,False
1172,0.025568334652127836,34487.685472398975,0.04753305108588234,False
1173,0.02710214179005061,34495.96199031427,0.04478887049467917,False
1174,0.024495401411059905,34496.15267550755,0.06587354212313194,False
1175,0.030422976740712072,34504.201537474626,0.08969724844993589,False
1176,0.024903439007578555,34504.40514556231,0.03239959000472532,False
1177,0.015854207308024705,35395.642136933886,0.07229722554667299,False
1178,0.019753053966052227,35398.17238286957,0.09797062793528462,False
1179,0.01769860919130311,35401.72704716166,0.08141232226791117,False
1180,1.457464796190022,35446.059613645215,0.09694327461851432,False
1181,2.0815983905480833,35448.55426809417,0.13371941934069267,False
1182,1.4146234377092022,35452.16219902987,0.09735438506004404,False
1183,0.00990546984851719,35468.652816703274,-0.07519598449467704,False
1184,0.01240184366177273,35469.988682630865,0.12376741544699818,False
1185,0.010512681708408432,35470.22201737512,0.06941485922749419,False
1186,0.027797215201967623,35471.811248216894,0.08672064280522619,False
1187,0.021142584275547275,35474.1340139025,0.06329847316562855,False
1188,0.0228572874324774,35481.417387342226,0.07203251292509794,False
1189,0.024123284498458353,35481.810739299304,0.08071368432882117,False
1190,0.015618282328498155,35483.475705124096,0.060295612961899475,False
1191,0.017723246795161813,35491.85201686679,0.08358087336449495,False
1192,0.017768240606043244,35497.38356118034,0.06589411850637439,False
1193,0.01880364352094915,35498.0501528008,0.09349159348659092,False
1194,0.016119898705435613,35501.80536812361,0.07071433119776202,False
1195,7.2175617694399925,35568.04370945571,0.09401199311867797,False
1196,13.006114676803369,35571.816872851385,0.09533721250834234,False
1197,6.9909207200645564,35574.13663433783,0.09409996600137677,False
1198,0.5348768979933507,36463.33916560081,0.10141483169452896,False
1199,1.0295004428087406,36465.00158495322,0.10281356348918567,False
1200,0.5087044756813426,36469.283090261306,0.10178756528551838,False
1201,0.09609195703074512,36572.790153754424,0.0874590757099053,False
1202,0.19221333467922952,36572.94445264529,0.0953934559284431,False
1203,0.06525923289446668,36586.74739677681,0.05420067726594034,False
1204,0.06053436899070537,36586.90761599738,0.0555183772192113,False
1205,0.07162555254185879,36589.61929433059,0.05871220351909226,False
1206,0.04705405902808843,36589.80550934548,0.05637975936994209,False
1207,0.055300531828655755,36593.423737872174,0.06536626394543082,False
1208,0.056236267074551184,36593.566765818374,0.05728408619820828,False
1209,0.051865677367437274,36597.572406148865,0.0776759285477407,False
1210,0.05229441011927298,36597.738273924646,0.08561279078176857,False
1211,14.128403914463755,36607.66840984127,0.13528000238147497,False
1212,0.04236911677509267,37709.85863468264,0.0678491498296596,False
1213,0.040917803578701895,37710.69156146912,0.07689215262373408,False
1214,0.03453489527685569,37711.287412224956,0.08970412913861535,False
1215,3.292317589422355,37713.000778492365,0.09573890188046284,False
1216,8.434784975902627,37719.86925122919,0.09637262287279358,False
1217,4.827728305498056,37725.26589011968,0.09667229701249078,False
1218,0.03612219439219734,37729.88602696189,0.08821536552037884,False
1219,0.03702364431894825,37731.23838517853,0.10088842830591807,False
1220,0.0396207122061501,37734.57936764507,0.07508391960699724,False
1221,0.025027076857786625,37735.25092254308,0.06990424833119405,False
1222,7.779693278230055,37744.59131918402,0.09658788128039837,False
1223,0.03934293897541716,37785.10028386808,0.054777451517322474,False
1224,0.02488973363055671,37785.28217424803,0.04770522700857116,False
1225,0.02908654574698161,37794.11891584582,0.08531689477683066,False
1226,0.02191520286943711,37794.36132634205,0.0437067482981271,False
1227,0.022479969870976214,37802.76914885926,0.03966525097129834,False
1228,0.021809191498233904,37803.095364653964,0.15128879073885226,False
1229,2.3175321761111247,38721.36128457657,0.09972874736114512,False
1230,0.015624160058339172,38729.89227728017,0.03612155796464695,False
1231,0.02175714286753562,38734.12409470551,0.09879215234022069,False
1232,0.03075911106619683,38735.773343088666,0.07967702431980377,False
1233,2.2693726022708174,38774.6790701818,0.09863416842183452,False
1234,4.445494749948001,38780.6202409723,0.09940624996985314,False
1235,1.9799178766259076,38786.932947124515,0.09936929968497157,False
1236,13.296666993027262,38870.45733370454,0.09729442929244564,False
1237,0.1413247983171602,38872.756581361784,0.0934821874006278,False
1238,25.757870686536577,38874.467470877,0.09668716894798524,False
1239,13.059698936176911,38876.503650665145,0.09656832444889368,False
1240,0.061369257918938436,38880.451833306564,0.10611452333074625,False
1241,0.10643036392536787,38884.37664858292,0.08101437285103925,False
1242,0.14759646813729294,38884.51838782598,0.067840895691657,False
1243,0.0544486998258855,38886.509288211164,0.08217544719406075,False
1244,0.06276436417844602,39101.25004290965,0.0687933067945572,False
1245,0.09208448087710189,39101.42259778308,0.0877931313089418,False
1246,0.05704861094704953,39136.21307829231,0.10790672013290732,False
1247,0.021871197995376963,39136.4149916119,0.06558374132946933,False
1248,0.045305881416785154,28439.95670472004,0.09579201777059135,False
1249,0.02888533647570131,28440.08332930141,0.06154037412624345,False
